WEB_NAME,PLAYER_ID,POS_ID,PHOTO,SEASON_NAME,ELEMENT_CODE,START_COST,END_COST,TOTAL_POINTS,MINUTES,GOALS_SCORED,ASSISTS,CLEAN_SHEETS,GOALS_CONCEDED,OWN_GOALS,PENALTIES_SAVED,PENALTIES_MISSED,YELLOW_CARDS,RED_CARDS,SAVES,BONUS,BPS,INFLUENCE,CREATIVITY,THREAT,ICT_INDEX,STARTS,EXPECTED_GOALS,EXPECTED_ASSISTS,EXPECTED_GOAL_INVOLVEMENTS,EXPECTED_GOALS_CONCEDED
Diaby,34,3,243557.jpg,2023-24,243557,65,63,142,2168,6,11,8,40,0,0,0,1,0,0,10,429,515.4,617.8,675.0,180.6,25,7.40,4.24,11.64,35.75
Diego Carlos,35,2,165659.jpg,2023-24,165659,45,44,55,1809,0,0,6,36,0,0,0,4,0,0,1,338,370.4,59.8,100.0,53.2,20,1.95,0.35,2.30,33.17
Digne,36,2,101188.jpg,2023-24,101188,45,46,85,2405,1,4,6,41,0,0,0,7,0,0,5,420,448.4,601.7,200.0,125.1,27,0.99,3.49,4.48,41.65
Dobbin,37,3,461421.jpg,2023-24,461421,45,45,18,226,1,0,1,3,0,0,0,1,0,0,0,54,68.4,50.5,59.0,17.7,1,0.34,0.12,0.46,3.72
Duran,38,4,476344.jpg,2023-24,476344,50,50,50,461,5,1,0,12,0,0,0,5,0,0,7,162,190.2,55.2,165.0,40.2,3,2.04,0.15,2.18,11.16
Gauci,39,1,462492.jpg,2023-24,462492,40,39,0,0,0,0,0,0,0,0,0,0,0,0,0,0,0.0,0.0,0.0,0.0,0,0.00,0.00,0.00,0.00
Hause,40,2,123354.jpg,2023-24,123354,40,39,0,0,0,0,0,0,0,0,0,0,0,0,0,0,0.0,0.0,0.0,0.0,0,0.00,0.00,0.00,0.00
Kamara,42,3,226944.jpg,2023-24,226944,50,50,40,1653,0,1,7,22,0,0,0,7,1,0,1,247,256.2,292.7,44.0,59.1,20,0.13,1.39,1.52,24.68
Kesler-Hayden,43,2,465390.jpg,2023-24,465390,40,40,3,5,0,0,0,0,0,0,0,0,0,0,0,9,0.0,0.0,0.0,0.0,0,0.00,0.00,0.00,0.11
Konsa,44,2,199798.jpg,2023-24,199798,45,45,91,3069,1,1,7,54,0,0,0,5,0,0,7,562,554.4,170.6,223.0,95.0,35,2.56,1.01,3.57,52.28
Maatsen,45,2,441302.jpg,2023-24,441302,55,51,11,200,0,0,0,5,0,0,0,1,0,0,0,24,29.4,44.8,29.0,10.3,1,0.74,0.20,0.94,5.07
Marschall,46,1,462381.jpg,2023-24,462381,40,40,0,0,0,0,0,0,0,0,0,0,0,0,0,0,0.0,0.0,0.0,0.0,0,0.00,0.00,0.00,0.00
Martinez,47,1,98980.jpg,2023-24,98980,50,52,115,3015,0,0,8,48,2,0,0,4,0,95,19,640,802.0,20.0,0.0,82.2,34,0.00,0.01,0.01,49.87
McGinn,48,3,122806.jpg,2023-24,122806,55,53,119,3000,6,5,7,54,0,0,0,9,1,0,9,502,640.4,690.7,360.0,169.4,35,5.01,4.99,10.00,49.85
Mings,49,2,149484.jpg,2023-24,149484,45,41,0,30,0,0,0,2,0,0,0,0,0,0,0,5,3.6,13.0,5.0,2.2,1,0.01,0.16,0.17,1.08
Olsen,51,1,111782.jpg,2023-24,111782,40,39,17,405,0,0,0,13,0,1,0,0,0,21,3,107,194.6,0.0,0.0,19.5,4,0.00,0.00,0.00,10.03
Pau,52,2,244954.jpg,2023-24,244954,45,46,85,2462,2,0,6,37,0,0,0,1,0,0,4,461,479.4,150.6,135.0,76.6,27,0.96,0.71,1.67,40.00
Ramsey,53,3,232653.jpg,2023-24,232653,60,59,29,848,1,1,0,12,0,0,0,2,0,0,0,101,124.0,159.3,182.0,46.7,8,2.09,1.38,3.47,12.85
Rogers,54,3,244850.jpg,2023-24,244850,50,50,35,636,3,1,2,13,0,0,0,3,0,0,0,114,177.8,118.4,150.0,44.5,8,1.35,0.33,1.68,14.55
Sinisalo,55,1,248164.jpg,2023-24,248164,40,40,0,0,0,0,0,0,0,0,0,0,0,0,0,0,0.0,0.0,0.0,0.0,0,0.00,0.00,0.00,0.00
Tielemans,57,3,166989.jpg,2023-24,166989,60,56,77,1613,2,6,4,27,0,0,0,3,0,0,2,318,369.2,325.4,136.0,83.3,17,1.24,1.98,3.22,31.07
Watkins,58,4,178301.jpg,2023-24,178301,80,89,228,3222,19,18,7,56,0,0,0,4,0,0,29,752,1024.6,588.5,1420.0,302.8,37,16.74,4.02,20.76,55.05
Onana,233,3,449871.jpg,2023-24,449871,50,47,66,2085,2,0,5,38,0,0,0,5,0,0,5,304,354.0,282.7,254.0,89.5,23,2.22,1.39,3.61,36.94
Jaden,569,3,481624.jpg,2023-24,481624,45,45,1,3,0,0,0,1,0,0,0,0,0,0,0,3,0.4,0.3,2.0,0.3,0,0.00,0.00,0.00,0.65
Zych,641,1,516159.jpg,2023-24,516159,40,40,0,0,0,0,0,0,0,0,0,0,0,0,0,0,0.0,0.0,0.0,0.0,0,0.00,0.00,0.00,0.00
Young,656,3,537403.jpg,2023-24,537403,45,45,0,0,0,0,0,0,0,0,0,0,0,0,0,0,0.0,0.0,0.0,0.0,0,0.00,0.00,0.00,0.00
Aarons,59,2,232980.jpg,2023-24,232980,45,44,28,1233,0,1,2,35,0,0,0,1,0,0,0,199,179.6,114.0,27.0,31.8,13,0.04,0.89,0.93,26.75
Adams,60,3,200785.jpg,2023-24,200785,50,49,5,118,0,0,0,3,0,0,0,0,0,0,1,28,24.6,14.1,10.0,4.9,1,0.00,0.03,0.03,1.81
Anthony,61,3,444180.jpg,2023-24,444180,50,49,3,151,0,0,0,5,0,0,0,1,0,0,0,4,9.0,4.6,16.0,3.0,2,0.07,0.02,0.09,4.44
Brooks,62,3,111317.jpg,2023-24,111317,50,47,23,271,1,1,0,7,0,0,0,1,0,0,2,71,88.2,112.4,113.0,31.4,2,2.45,0.47,2.92,6.08
Christie,63,3,158499.jpg,2023-24,158499,50,50,90,2908,0,5,8,56,0,0,0,6,0,0,5,433,620.2,780.2,351.0,175.4,35,2.49,5.37,7.86,48.61
Cook,64,3,155408.jpg,2023-24,155408,50,48,77,2787,0,3,8,51,0,0,0,5,1,0,5,446,520.2,681.9,67.0,127.2,32,0.42,2.92,3.34,50.30
Enes Ünal,65,4,168636.jpg,2023-24,168636,50,50,40,317,2,4,1,9,0,0,0,1,0,0,3,99,142.4,58.6,242.0,43.7,2,2.84,0.13,2.97,4.49
Faivre,66,3,441240.jpg,2023-24,441240,50,50,4,37,0,0,0,1,0,0,0,1,0,0,0,9,5.0,2.5,13.0,1.8,0,0.15,0.03,0.18,0.14
H.Traorè,67,3,424044.jpg,2023-24,424044,50,47,3,44,0,0,0,1,0,0,0,0,0,0,0,10,12.8,14.8,30.0,5.7,0,0.17,0.01,0.18,0.84
Pinnock,104,2,231065.jpg,2023-24,231065,45,45,77,2521,2,0,5,46,0,0,0,1,0,0,5,479,653.2,63.4,221.0,94.2,28,2.01,0.83,2.84,39.14
Roerslev,105,2,226956.jpg,2023-24,226956,45,44,75,1975,1,2,5,40,0,0,0,1,0,0,3,354,382.0,281.3,94.0,76.3,22,1.05,1.34,2.39,37.71
Schade,106,3,513418.jpg,2023-24,513418,55,52,33,327,2,2,1,5,0,0,0,0,0,0,2,81,105.8,58.3,100.0,26.2,3,1.29,0.72,2.01,3.58
Toney,108,4,144485.jpg,2023-24,144485,80,77,57,1449,4,3,3,30,0,0,0,5,0,0,4,159,289.6,206.5,524.0,101.7,16,5.72,1.51,7.23,27.82
Valdimarsson,109,1,507433.jpg,2023-24,507433,40,40,0,0,0,0,0,0,0,0,0,0,0,0,0,0,0.0,0.0,0.0,0.0,0,0.00,0.00,0.00,0.00
Wissa,110,4,216646.jpg,2023-24,216646,60,57,131,2488,12,4,11,40,0,0,0,7,0,0,15,457,592.8,384.0,769.0,173.2,29,10.54,1.82,12.36,37.55
Yarmoliuk,111,3,508395.jpg,2023-24,508395,45,42,33,670,0,0,4,9,0,0,0,2,0,0,0,95,98.4,66.9,127.0,29.0,6,0.94,1.00,1.94,9.42
Zanka,112,2,48760.jpg,2023-24,48760,45,43,29,1086,1,0,2,24,0,0,0,4,0,0,3,179,216.0,94.0,90.0,40.0,12,0.74,0.55,1.29,19.72
Van den Berg,338,2,444765.jpg,2023-24,444765,40,40,0,0,0,0,0,0,0,0,0,0,0,0,0,0,0.0,0.0,0.0,0.0,0,0.00,0.00,0.00,0.00
Trevitt,602,3,591357.jpg,2023-24,591357,45,45,0,0,0,0,0,0,0,0,0,0,0,0,0,0,0.0,0.0,0.0,0.0,0,0.00,0.00,0.00,0.00
Adingra,113,3,535818.jpg,2023-24,535818,50,50,97,2220,6,1,4,38,0,0,0,3,0,0,8,330,477.6,507.8,751.0,173.4,25,4.19,3.26,7.45,36.64
Baker-Boaitey,114,3,475480.jpg,2023-24,475480,45,45,4,37,0,0,0,1,0,0,0,1,0,0,0,10,4.6,12.6,4.0,1.9,0,0.02,0.10,0.12,0.80
Baleba,115,3,535301.jpg,2023-24,535301,45,45,34,1314,0,0,2,28,0,0,0,7,0,0,0,174,179.8,134.7,72.0,38.8,15,0.85,0.24,1.08,23.59
Barco,116,2,543158.jpg,2023-24,543158,40,40,5,307,0,0,0,9,0,0,0,1,0,0,0,33,44.8,69.6,39.0,15.5,3,0.20,0.38,0.58,5.10
Dahoud,119,3,168090.jpg,2023-24,168090,50,48,14,449,0,1,1,6,0,0,0,1,1,0,0,68,70.4,127.2,24.0,21.7,6,0.22,0.54,0.76,5.16
Dunk,120,2,83299.jpg,2023-24,83299,50,52,89,2869,3,1,5,53,0,0,0,6,1,0,11,567,823.0,205.4,389.0,141.7,33,3.15,2.24,5.38,49.76
Enciso,121,3,474120.jpg,2023-24,474120,55,50,20,468,0,2,0,12,0,0,0,2,0,0,0,62,81.0,131.7,157.0,36.9,5,1.38,1.28,2.66,9.71
Estupiñan,122,2,204214.jpg,2023-24,204214,50,47,57,1242,2,3,3,26,1,0,0,4,0,0,7,291,350.8,382.6,156.0,89.0,15,1.00,2.22,3.22,26.50
Ferguson,123,4,487117.jpg,2023-24,487117,60,57,69,1356,6,1,2,28,0,0,0,1,0,0,5,218,275.0,106.7,393.0,77.3,15,4.49,0.77,5.26,22.16
Gilmour,124,3,243568.jpg,2023-24,243568,50,48,61,2116,0,3,6,37,0,0,0,8,1,0,4,354,291.4,481.5,104.0,87.7,24,0.98,2.56,3.54,36.04
Gross,125,3,60307.jpg,2023-24,60307,65,61,153,3112,4,11,7,50,0,0,0,6,0,0,29,724,988.6,1674.9,434.0,309.9,34,6.40,8.89,15.29,51.16
Hinshelwood,126,3,532529.jpg,2023-24,532529,45,45,42,866,3,0,2,17,0,0,0,1,0,0,5,155,200.2,118.9,230.0,55.0,8,2.10,0.36,2.46,14.30
Igor,128,2,223434.jpg,2023-24,223434,45,43,37,1631,0,0,2,26,0,0,0,4,0,0,1,311,297.8,135.5,23.0,45.8,17,0.25,0.50,0.75,24.36
João Pedro,129,4,475168.jpg,2023-24,475168,55,52,104,2037,9,3,5,38,0,0,1,2,0,0,12,406,622.4,578.8,932.0,213.4,19,12.01,4.64,16.65,32.63
Kozlowski,130,3,484658.jpg,2023-24,484658,45,45,0,0,0,0,0,0,0,0,0,0,0,0,0,0,0.0,0.0,0.0,0.0,0,0.00,0.00,0.00,0.00
Lamptey,131,2,232792.jpg,2023-24,232792,40,39,31,908,0,3,1,20,0,0,0,3,0,0,0,155,144.6,173.7,60.0,37.6,10,0.34,0.90,1.24,14.35
March,132,3,109345.jpg,2023-24,109345,65,61,39,555,3,1,2,11,0,0,0,1,0,0,6,134,197.4,126.5,139.0,46.4,7,2.10,0.97,3.07,10.50
Milner,134,3,15157.jpg,2023-24,15157,50,48,28,770,0,2,4,12,0,0,0,3,0,0,0,146,152.8,253.5,61.0,46.8,11,0.29,2.18,2.47,12.81
Mitoma,136,3,451340.jpg,2023-24,451340,65,64,74,1485,3,7,1,27,0,0,0,4,0,0,7,252,327.6,375.1,636.0,134.0,15,3.49,3.56,7.05,24.64
Moder,137,3,243505.jpg,2023-24,243505,45,44,21,608,0,0,1,13,0,0,0,2,0,0,0,89,87.2,82.3,84.0,25.4,6,0.78,0.67,1.45,12.60
O’Mahony,138,4,574402.jpg,2023-24,574402,45,45,2,61,0,0,0,1,0,0,0,1,0,0,0,5,6.0,1.6,6.0,1.3,1,0.06,0.00,0.06,1.28
Offiah,139,2,445548.jpg,2023-24,445548,40,40,4,126,0,0,0,3,0,0,0,0,0,0,0,21,6.4,5.5,4.0,1.6,1,0.00,0.03,0.03,2.56
Peupion,140,3,491598.jpg,2023-24,491598,45,45,0,0,0,0,0,0,0,0,0,0,0,0,0,0,0.0,0.0,0.0,0.0,0,0.00,0.00,0.00,0.00
Sarmiento,141,3,441192.jpg,2023-24,441192,45,45,0,0,0,0,0,0,0,0,0,0,0,0,0,0,0.0,0.0,0.0,0.0,0,0.00,0.00,0.00,0.00
Steele,142,1,49262.jpg,2023-24,49262,45,40,42,1530,0,0,2,34,0,0,0,0,0,43,5,300,382.2,0.1,0.0,38.2,17,0.00,0.00,0.00,24.86
Undav,143,4,450434.jpg,2023-24,450434,55,55,0,0,0,0,0,0,0,0,0,0,0,0,0,0,0.0,0.0,0.0,0.0,0,0.00,0.00,0.00,0.00
Van Hecke,144,2,469142.jpg,2023-24,469142,40,40,61,2368,0,0,5,38,0,0,0,4,0,0,3,454,631.8,176.4,175.0,98.5,26,1.42,0.93,2.35,37.22
Veltman,145,2,111478.jpg,2023-24,111478,45,43,49,1579,1,1,3,32,0,0,0,4,0,0,0,294,320.8,97.8,98.0,51.8,17,0.46,0.53,0.99,25.63
Verbruggen,146,1,489639.jpg,2023-24,489639,45,44,68,1890,0,0,4,28,0,0,0,3,0,65,7,417,541.4,1.0,0.0,54.3,21,0.00,0.00,0.00,31.60
Webster,147,2,110735.jpg,2023-24,110735,45,42,26,1142,0,0,2,22,1,0,0,2,0,0,2,212,252.2,89.3,54.0,39.7,13,0.50,0.33,0.83,18.16
Welbeck,148,4,50175.jpg,2023-24,50175,60,57,79,1687,5,4,8,28,0,0,0,4,0,0,5,261,326.2,320.9,492.0,114.0,21,5.09,1.46,6.55,27.78
Ayari,600,3,509416.jpg,2023-24,509416,45,45,0,0,0,0,0,0,0,0,0,0,0,0,0,0,0.0,0.0,0.0,0.0,0,0.00,0.00,0.00,0.00
Andrey Santos,150,3,532605.jpg,2023-24,532605,45,42,1,7,0,0,0,0,0,0,0,0,0,0,0,1,0.0,0.5,3.0,0.2,0,0.06,0.00,0.06,0.02
Ângelo,151,3,518620.jpg,2023-24,518620,50,50,0,0,0,0,0,0,0,0,0,0,0,0,0,0,0.0,0.0,0.0,0.0,0,0.00,0.00,0.00,0.00
B.Badiashile,153,2,242880.jpg,2023-24,242880,45,44,35,1337,0,1,3,31,1,0,0,3,0,0,4,267,336.4,87.4,51.0,47.5,15,0.27,0.92,1.19,25.42
Bergström,154,1,482158.jpg,2023-24,482158,40,39,0,0,0,0,0,0,0,0,0,0,0,0,0,0,0.0,0.0,0.0,0.0,0,0.00,0.00,0.00,0.00
Bettinelli,155,1,122074.jpg,2023-24,122074,40,40,-1,0,0,0,0,0,0,0,0,1,0,0,0,-3,0.0,0.0,0.0,0.0,0,0.00,0.00,0.00,0.00
Caicedo,157,3,486672.jpg,2023-24,486672,50,45,84,2865,1,3,7,50,0,0,0,11,0,0,6,466,613.6,403.2,68.0,108.2,33,0.42,2.01,2.43,46.79
Casadei,158,3,505187.jpg,2023-24,505187,45,45,11,71,0,0,0,3,0,0,0,0,0,0,0,38,19.8,27.4,2.0,5.1,0,0.00,0.08,0.08,3.48
Chilwell,160,2,172850.jpg,2023-24,172850,55,54,24,752,0,2,1,14,0,0,0,5,0,0,2,123,128.4,212.8,139.0,48.0,9,1.11,1.62,2.73,12.50
Chukwuemeka,161,3,478912.jpg,2023-24,478912,45,42,16,222,1,1,0,5,0,0,0,2,0,0,0,53,78.4,68.6,52.0,19.9,2,0.12,0.29,0.41,4.60
Colwill,162,2,460028.jpg,2023-24,460028,45,46,65,1794,1,1,5,26,0,0,0,2,0,0,4,355,394.6,113.2,163.0,67.2,20,1.29,0.53,1.82,28.43
Cucurella,163,2,179268.jpg,2023-24,179268,50,49,44,1783,0,3,4,33,1,0,0,10,0,0,3,318,384.4,283.9,122.0,79.3,20,1.16,1.01,2.17,31.18
D.D.Fofana,164,4,520295.jpg,2023-24,520295,50,50,50,876,4,1,1,18,0,0,0,1,0,0,8,133,212.0,111.7,273.0,59.2,10,4.58,0.30,4.88,16.91
Deivid,165,4,617054.jpg,2023-24,617054,45,45,2,11,0,0,0,1,0,0,0,0,0,0,0,5,0.0,0.1,4.0,0.4,0,0.47,0.00,0.47,1.68
Disasi,167,2,220362.jpg,2023-24,220362,50,49,71,2579,2,0,5,50,1,0,0,6,0,0,6,468,573.2,105.5,172.0,85.1,29,2.35,1.46,3.81,43.96
Enzo,168,3,448047.jpg,2023-24,448047,50,48,77,2208,3,3,5,47,0,0,1,7,0,0,4,369,527.2,567.7,369.0,146.3,26,5.72,3.78,9.50,40.13
Gallagher,169,3,232787.jpg,2023-24,232787,55,54,129,3129,5,8,8,56,0,0,0,7,1,0,10,618,754.8,821.5,401.0,197.4,37,4.01,3.53,7.54,52.43
Gilchrist,170,2,514280.jpg,2023-24,514280,40,40,20,200,1,0,1,6,0,0,0,1,0,0,0,67,70.6,8.6,33.0,11.1,2,0.32,0.05,0.37,5.46
Gusto,171,2,482609.jpg,2023-24,482609,40,43,74,1746,0,6,5,28,0,0,0,7,1,0,10,409,434.8,494.8,174.0,110.4,19,1.01,3.39,4.40,26.12
Hill,68,2,463981.jpg,2023-24,463981,40,40,5,74,0,0,0,1,0,0,0,0,0,0,0,22,32.6,2.2,0.0,3.5,1,0.00,0.01,0.01,1.34
Jebbison,69,4,523700.jpg,2023-24,523700,50,48,1,20,0,0,0,0,0,0,0,0,0,0,0,3,0.0,0.1,4.0,0.4,0,0.00,0.00,0.00,0.94
Kerkez,70,2,544877.jpg,2023-24,544877,45,44,59,1966,0,2,6,37,1,0,0,4,1,0,1,290,310.0,216.5,150.0,67.7,22,1.32,1.06,2.38,36.85
Kluivert,71,3,222683.jpg,2023-24,222683,50,46,100,1910,7,1,11,23,0,0,0,5,0,0,2,229,362.2,283.2,619.0,126.4,26,5.76,1.68,7.44,30.07
Mepham,72,2,223911.jpg,2023-24,223911,45,43,16,613,0,1,1,16,0,0,0,2,0,0,0,113,142.6,40.0,27.0,21.0,6,0.09,0.17,0.26,10.34
O.Dango,74,3,533463.jpg,2023-24,533463,50,47,56,1214,1,2,5,24,0,0,0,3,0,0,3,207,298.4,245.4,332.0,87.8,12,2.65,1.10,3.75,21.13
Philip,76,3,168991.jpg,2023-24,168991,55,51,60,1385,2,3,2,36,0,0,0,3,1,0,3,228,304.2,313.5,267.0,88.3,13,2.53,2.11,4.64,29.25
Scott,77,3,503139.jpg,2023-24,503139,50,49,41,1003,1,1,3,25,0,0,0,3,0,0,3,163,197.0,294.7,116.0,60.7,11,0.82,1.06,1.88,17.89
Semenyo,78,3,437730.jpg,2023-24,437730,45,45,107,2099,8,4,8,33,0,0,0,6,0,0,14,363,506.8,411.2,748.0,166.8,25,4.69,2.19,6.87,34.41
Senesi,79,2,221466.jpg,2023-24,221466,45,44,102,2239,4,5,6,44,0,0,0,13,0,0,13,486,735.0,311.2,147.0,119.7,26,1.98,2.27,4.25,40.83
Sinisterra,80,3,224995.jpg,2023-24,224995,55,55,43,685,2,2,1,18,0,0,0,0,0,0,2,149,221.4,251.4,343.0,81.7,7,2.62,1.03,3.65,11.39
Smith,81,2,54469.jpg,2023-24,54469,45,44,80,2148,0,3,8,33,0,0,0,6,0,0,4,378,336.4,296.5,27.0,66.1,25,0.05,1.50,1.55,33.02
Tavernier,83,3,201658.jpg,2023-24,201658,55,50,89,2118,3,4,8,38,0,0,0,3,0,0,5,324,468.4,649.4,460.0,157.8,25,3.88,4.24,8.12,32.42
Travers,84,1,229600.jpg,2023-24,229600,40,40,19,360,0,0,2,5,0,0,0,0,0,13,2,79,92.6,0.0,0.0,9.3,4,0.00,0.00,0.00,6.96
Zabarnyi,85,2,477580.jpg,2023-24,477580,45,44,84,3330,1,0,8,67,0,0,0,5,0,0,3,583,686.0,111.1,117.0,91.5,37,1.13,0.55,1.68,58.38
Arrizabalaga,152,1,109745.jpg,2023-24,109745,50,50,0,0,0,0,0,0,0,0,0,0,0,0,0,0,0.0,0.0,0.0,0.0,0,0.00,0.00,0.00,0.00
Ajer,86,2,191866.jpg,2023-24,191866,45,44,68,1826,2,1,5,33,0,0,0,5,0,0,3,323,406.8,166.6,223.0,79.7,21,1.22,2.68,3.90,29.41
Brierley,87,3,494041.jpg,2023-24,494041,45,45,0,0,0,0,0,0,0,0,0,0,0,0,0,0,0.0,0.0,0.0,0.0,0,0.00,0.00,0.00,0.00
Collins,88,2,432830.jpg,2023-24,432830,45,45,84,2649,1,1,7,51,0,0,0,3,0,0,8,489,653.8,151.5,180.0,98.7,29,1.59,0.95,2.54,41.61
Damsgaard,89,3,440089.jpg,2023-24,440089,50,48,45,829,0,4,5,9,0,0,0,2,0,0,0,155,162.6,179.1,103.0,44.7,7,0.76,0.93,1.69,10.11
Dasilva,90,3,183656.jpg,2023-24,183656,50,47,3,22,0,0,0,0,0,0,0,0,0,0,0,6,6.8,15.4,14.0,3.6,0,0.00,0.23,0.23,0.10
Flekken,91,1,118342.jpg,2023-24,118342,45,47,119,3285,0,1,7,63,0,0,0,3,0,115,12,685,921.2,40.3,0.0,96.2,37,0.00,0.14,0.14,54.01
Henry,92,2,194010.jpg,2023-24,194010,45,42,13,401,0,1,1,5,0,0,0,1,0,0,0,74,72.8,67.9,17.0,15.7,5,0.07,0.90,0.97,5.12
Hickey,93,2,472713.jpg,2023-24,472713,45,43,17,713,0,0,2,12,0,0,0,5,0,0,0,87,66.6,28.4,37.0,12.9,9,0.20,0.13,0.33,10.20
Janelt,94,3,204580.jpg,2023-24,204580,55,52,93,3054,1,4,9,52,0,0,0,8,0,0,1,466,503.4,562.5,285.0,135.3,37,1.82,3.44,5.26,47.65
Jensen,95,3,207283.jpg,2023-24,207283,55,52,98,2201,3,4,9,45,0,0,0,5,0,0,10,422,481.2,689.3,135.0,130.4,27,0.71,4.89,5.60,36.36
Ji-soo,96,2,570241.jpg,2023-24,570241,40,40,0,0,0,0,0,0,0,0,0,0,0,0,0,0,0.0,0.0,0.0,0.0,0,0.00,0.00,0.00,0.00
Konak,97,3,628204.jpg,2023-24,628204,45,45,0,0,0,0,0,0,0,0,0,0,0,0,0,0,0.0,0.0,0.0,0.0,0,0.00,0.00,0.00,0.00
Lewis-Potter,98,3,249231.jpg,2023-24,249231,50,47,73,1428,3,2,6,29,0,0,0,0,0,0,1,186,280.0,203.8,573.0,105.6,15,6.42,1.66,8.07,20.21
Mbeumo,99,3,446008.jpg,2023-24,446008,65,68,127,1957,9,7,5,31,0,0,0,2,0,0,12,364,554.2,572.1,576.0,170.1,22,9.70,5.67,15.37,28.31
Mee,100,2,51927.jpg,2023-24,51927,50,47,39,1272,2,1,1,28,0,0,0,1,1,0,3,210,334.8,88.2,118.0,54.2,15,1.57,0.78,2.35,24.80
Nørgaard,101,3,128295.jpg,2023-24,128295,55,52,74,2504,2,1,6,51,0,0,0,8,0,0,3,414,501.8,396.2,316.0,121.8,30,3.61,2.44,6.05,43.31
Onyeka,102,3,428580.jpg,2023-24,428580,50,49,39,1147,1,2,1,27,0,0,0,8,0,0,0,150,259.0,178.3,189.0,62.6,11,2.09,1.44,3.53,21.94
Peart-Harris,103,3,450539.jpg,2023-24,450539,45,45,3,11,0,0,0,0,0,0,0,0,0,0,0,6,2.2,10.9,2.0,1.5,0,0.00,0.00,0.00,0.07
Fábio Vieira,1,3,438098.jpg,2023-24,438098,55,54,24,290,1,3,1,2,0,0,0,0,1,0,0,67,82.8,88.8,85.0,25.5,2,1.25,0.64,1.89,1.83
G.Jesus,2,4,205651.jpg,2023-24,205651,80,77,85,1470,4,7,11,11,0,0,0,6,0,0,10,271,364.8,403.0,756.0,152.7,17,6.27,3.26,9.53,11.67
Gabriel,3,2,226597.jpg,2023-24,226597,50,54,149,3042,3,1,16,26,1,0,0,4,0,0,8,676,675.8,121.9,379.0,117.9,34,4.48,0.65,5.13,26.18
Havertz,4,4,219847.jpg,2023-24,219847,75,76,180,2627,13,10,16,22,0,0,0,11,0,0,15,515,763.2,613.4,1027.0,240.2,30,12.36,3.88,16.23,21.03
Hein,5,1,463748.jpg,2023-24,463748,40,40,0,0,0,0,0,0,0,0,0,0,0,0,0,0,0.0,0.0,0.0,0.0,0,0.00,0.00,0.00,0.00
J.Timber,6,2,445122.jpg,2023-24,445122,50,46,0,70,0,0,0,0,0,0,0,2,0,0,0,4,5.8,4.7,2.0,1.3,1,0.00,0.02,0.02,0.28
Jorginho,7,3,85955.jpg,2023-24,85955,55,53,44,913,0,2,4,11,0,0,0,1,0,0,1,182,165.4,187.8,16.0,36.8,10,0.10,1.77,1.87,8.42
Kiwior,8,2,440854.jpg,2023-24,440854,45,40,67,942,1,3,6,8,0,0,0,1,0,0,1,260,228.8,106.9,90.0,42.7,11,0.74,0.60,1.34,5.15
Martinelli,9,3,444145.jpg,2023-24,444145,80,75,118,2010,6,5,10,23,0,0,0,1,0,0,6,404,500.4,717.1,795.0,200.8,24,6.36,5.18,11.53,14.88
Nwaneri,12,3,499175.jpg,2023-24,499175,45,45,1,13,0,0,0,0,0,0,0,0,0,0,0,3,2.0,12.3,4.0,1.8,0,0.00,0.05,0.05,0.13
Ødegaard,13,3,184029.jpg,2023-24,184029,85,86,186,3098,8,11,19,23,0,0,0,2,0,0,26,703,910.4,1499.4,757.0,317.0,35,7.53,10.16,17.69,25.26
Raya,15,1,154561.jpg,2023-24,154561,50,53,135,2880,0,0,16,24,0,1,0,2,0,46,6,569,413.0,0.0,0.0,41.1,32,0.00,0.04,0.04,22.51
Rice,16,3,204480.jpg,2023-24,204480,55,55,165,3225,7,9,17,28,0,0,0,5,0,0,17,744,959.4,745.3,451.0,215.9,37,3.53,5.09,8.62,27.08
Saka,17,3,223340.jpg,2023-24,223340,85,88,226,2922,16,12,16,27,0,0,0,4,0,0,29,776,1093.8,1319.8,1342.0,375.7,35,15.40,10.90,26.29,25.66
Saliba,18,2,462424.jpg,2023-24,462424,50,59,164,3420,2,1,18,29,0,0,0,4,0,0,13,781,697.2,152.1,140.0,99.1,38,1.70,0.90,2.60,28.32
Thomas,20,3,167199.jpg,2023-24,167199,50,48,24,785,0,0,5,5,0,0,0,3,0,0,0,142,117.6,122.9,37.0,27.8,9,0.43,0.58,1.01,8.45
Tierney,21,2,192895.jpg,2023-24,192895,45,44,0,0,0,0,0,0,0,0,0,0,0,0,0,0,0.0,0.0,0.0,0.0,0,0.00,0.00,0.00,0.00
Tomiyasu,22,2,223723.jpg,2023-24,223723,45,45,70,1140,2,1,6,10,0,0,0,0,1,0,4,244,247.0,141.8,143.0,52.8,10,1.74,0.68,2.42,14.03
Trossard,23,3,116216.jpg,2023-24,116216,70,66,138,1633,12,2,12,10,0,0,0,2,0,0,11,398,563.6,384.7,746.0,169.5,18,8.29,2.96,11.25,13.46
White,24,2,198869.jpg,2023-24,198869,55,61,182,2987,4,5,18,26,0,0,0,8,0,0,14,776,765.8,589.4,234.0,159.0,35,1.27,3.66,4.93,24.95
Zinchenko,25,2,206325.jpg,2023-24,206325,50,50,104,1717,1,2,9,15,0,0,0,2,0,0,16,468,395.4,474.8,133.0,100.4,20,0.60,2.65,3.25,12.33
Neto,73,1,69752.jpg,2023-24,69752,45,46,110,2880,0,0,7,55,0,1,0,5,0,113,14,592,875.2,0.0,0.0,87.5,32,0.00,0.01,0.01,49.66
Sterling,186,3,103955.jpg,2023-24,103955,70,68,123,1972,8,8,5,38,0,0,0,7,0,0,8,323,502.8,473.7,747.0,172.1,22,6.39,4.33,10.72,32.83
Lewis-Skelly,597,3,499169.jpg,2023-24,499169,45,45,0,0,0,0,0,0,0,0,0,0,0,0,0,0,0.0,0.0,0.0,0.0,0,0.00,0.00,0.00,0.00
Bailey,28,3,215711.jpg,2023-24,215711,55,54,148,2063,10,11,5,32,0,0,0,5,0,0,11,482,663.2,707.1,623.0,199.1,22,6.29,7.17,13.46,36.17
Barkley,29,3,88894.jpg,2023-24,88894,50,45,101,2616,5,5,2,66,0,0,0,6,0,0,4,498,687.4,622.8,379.0,168.7,30,3.91,2.73,6.64,60.84
Buendia,31,3,195546.jpg,2023-24,195546,60,57,0,0,0,0,0,0,0,0,0,0,0,0,0,0,0.0,0.0,0.0,0.0,0,0.00,0.00,0.00,0.00
Cash,32,2,199796.jpg,2023-24,199796,45,45,64,2138,2,2,3,36,1,0,0,8,0,0,4,337,465.2,231.8,378.0,107.1,23,4.41,2.47,6.88,36.78
Dendoncker,33,3,151589.jpg,2023-24,151589,50,49,20,118,1,1,0,3,0,0,0,0,0,0,3,64,59.2,3.9,37.0,10.0,1,0.73,0.01,0.74,1.58
Kaboré,626,2,476369.jpg,2023-24,476369,40,40,34,1727,0,3,0,39,1,0,0,7,0,0,3,236,326.6,253.0,62.0,64.0,21,0.22,1.87,2.09,38.04
Amad,364,3,493250.jpg,2023-24,493250,45,44,23,385,1,1,1,6,0,0,0,1,0,0,3,68,117.0,123.8,114.0,35.2,3,0.53,0.47,1.00,7.66
Antony,365,3,467169.jpg,2023-24,467169,70,68,47,1311,1,1,3,26,0,0,0,5,0,0,0,184,247.8,327.7,347.0,91.8,15,3.38,1.83,5.21,25.18
B.Fernandes,366,3,141746.jpg,2023-24,141746,85,85,166,3118,10,9,7,52,0,0,1,9,0,0,24,729,1101.6,1663.0,748.0,351.3,35,9.73,10.23,19.96,63.99
Bayindir,367,1,451302.jpg,2023-24,451302,40,39,0,0,0,0,0,0,0,0,0,0,0,0,0,0,0.0,0.0,0.0,0.0,0,0.00,0.00,0.00,0.00
Casemiro,368,3,61256.jpg,2023-24,61256,55,53,58,1981,1,3,5,34,0,0,0,7,0,0,0,323,628.4,247.9,323.0,119.9,24,3.64,1.20,4.84,40.58
Dalot,369,2,216051.jpg,2023-24,216051,50,52,111,3174,2,3,8,55,0,0,0,4,1,0,13,662,738.6,590.8,212.0,154.4,35,1.67,2.38,4.05,64.76
Eriksen,370,3,80607.jpg,2023-24,80607,60,58,48,1134,1,2,2,27,0,0,0,1,0,0,4,248,255.4,400.5,93.0,75.0,12,0.97,2.46,3.43,20.08
Evans,371,2,37642.jpg,2023-24,37642,40,40,49,1389,0,1,4,24,0,0,0,2,0,0,3,293,330.8,81.2,21.0,43.6,15,0.06,0.27,0.33,27.68
Garnacho,372,3,493105.jpg,2023-24,493105,50,50,131,2564,7,7,8,39,0,0,0,4,0,0,7,372,527.2,616.8,1103.0,224.3,30,8.23,2.81,11.04,51.56
Hannibal,373,3,465527.jpg,2023-24,465527,45,43,11,131,1,0,1,1,0,0,0,1,0,0,0,34,48.2,29.8,13.0,9.0,1,0.03,0.48,0.51,3.48
Heaton,374,1,21205.jpg,2023-24,21205,40,39,0,0,0,0,0,0,0,0,0,0,0,0,0,0,0.0,0.0,0.0,0.0,0,0.00,0.00,0.00,0.00
Højlund,375,4,497894.jpg,2023-24,497894,70,71,112,2156,10,2,6,35,0,0,0,2,0,0,14,362,480.6,345.8,648.0,147.0,25,6.97,0.96,7.93,40.64
Lindelof,376,2,184667.jpg,2023-24,184667,45,45,62,1328,1,1,5,16,0,0,0,2,0,0,7,291,263.8,125.9,105.0,49.6,14,0.69,0.43,1.12,25.99
Maguire,377,2,95658.jpg,2023-24,95658,45,43,73,1650,2,4,4,29,0,0,0,3,0,0,6,351,493.4,90.9,192.0,77.7,18,1.94,0.97,2.91,36.68
Mainoo,378,3,516895.jpg,2023-24,516895,45,44,77,1927,3,1,7,31,0,0,0,3,0,0,8,327,413.4,256.7,134.0,80.6,24,0.87,1.35,2.22,42.97
Malacia,379,2,222690.jpg,2023-24,222690,45,43,0,0,0,0,0,0,0,0,0,0,0,0,0,0,0.0,0.0,0.0,0.0,0,0.00,0.00,0.00,0.00
Martinez,380,2,221820.jpg,2023-24,221820,50,47,15,643,0,1,1,12,1,0,0,3,0,0,0,134,144.4,45.7,4.0,19.4,8,0.00,0.08,0.08,11.65
McTominay,381,3,195851.jpg,2023-24,195851,50,45,98,1891,7,1,7,30,0,0,0,2,0,0,5,307,539.4,179.5,492.0,121.3,18,6.00,0.41,6.40,39.95
Mount,382,3,184341.jpg,2023-24,184341,70,68,23,509,1,0,1,13,0,0,0,2,0,0,0,93,105.8,107.6,64.0,27.9,5,0.37,0.37,0.74,9.95
Onana,383,1,202641.jpg,2023-24,202641,50,50,133,3420,0,0,9,58,0,0,0,5,0,149,10,741,1167.8,33.2,0.0,120.2,38,0.00,0.08,0.08,69.64
Pellistri,384,3,488404.jpg,2023-24,488404,45,42,13,164,0,1,0,2,0,0,0,0,0,0,0,36,47.0,19.3,66.0,13.3,1,0.51,0.39,0.90,4.17
Rashford,385,3,176297.jpg,2023-24,176297,90,84,108,2264,7,3,7,37,0,0,0,2,0,0,0,330,453.2,358.6,672.0,148.3,26,7.13,2.80,9.93,48.29
Shaw,387,2,106760.jpg,2023-24,106760,55,52,31,960,0,1,4,13,0,0,0,6,0,0,0,195,197.2,199.3,29.0,42.6,12,0.05,0.89,0.94,20.17
Collyer,613,3,490881.jpg,2023-24,490881,45,45,0,0,0,0,0,0,0,0,0,0,0,0,0,0,0.0,0.0,0.0,0.0,0,0.00,0.00,0.00,0.00
Wheatley,648,4,575034.jpg,2023-24,575034,45,45,3,13,0,0,0,0,0,0,0,0,0,0,0,6,2.0,0.0,0.0,0.2,0,0.00,0.00,0.00,0.32
A.Murphy,390,2,545477.jpg,2023-24,545477,40,39,2,11,0,0,0,0,0,0,0,0,0,0,0,6,2.6,1.0,0.0,0.3,0,0.00,0.00,0.00,0.08
Almirón,391,3,179018.jpg,2023-24,179018,65,60,77,1930,3,1,5,40,0,0,0,2,0,0,4,277,299.8,369.7,434.0,110.1,23,4.57,2.39,6.96,38.15
Barnes,392,3,201666.jpg,2023-24,201666,65,62,64,788,5,3,2,10,0,0,0,2,0,0,3,205,279.2,181.5,334.0,79.5,7,3.78,1.90,5.68,10.48
Botman,393,2,220237.jpg,2023-24,220237,45,45,51,1375,2,2,3,29,1,0,0,2,0,0,4,298,386.8,62.9,104.0,55.5,15,0.62,0.54,1.16,31.58
Bruno G.,394,3,208706.jpg,2023-24,208706,60,58,153,3264,7,9,10,60,0,0,0,8,0,0,15,691,968.4,948.7,489.0,241.0,37,4.91,6.20,11.11,58.64
Burn,395,2,78916.jpg,2023-24,78916,45,47,97,2725,2,2,8,45,0,0,0,4,0,0,4,493,656.4,153.8,286.0,109.7,32,3.35,1.12,4.47,46.22
Dúbravka,396,1,67089.jpg,2023-24,67089,40,43,75,1984,0,0,4,42,0,1,0,1,0,88,3,426,661.0,10.0,0.0,67.2,22,0.00,0.00,0.00,44.34
Gordon,398,3,232826.jpg,2023-24,232826,55,64,183,2896,11,16,12,48,0,0,0,10,1,0,14,594,822.6,843.7,905.0,256.7,34,10.03,5.40,15.42,51.73
Hall,399,2,487838.jpg,2023-24,487838,45,42,38,773,1,0,2,12,0,0,0,2,0,0,3,171,194.8,69.1,85.0,34.9,8,0.35,0.72,1.07,13.10
Hayden,400,3,153127.jpg,2023-24,153127,45,44,0,0,0,0,0,0,0,0,0,0,0,0,0,0,0.0,0.0,0.0,0.0,0,0.00,0.00,0.00,0.00
Isak,401,4,219168.jpg,2023-24,219168,75,84,172,2253,21,4,7,41,0,0,1,1,0,0,23,645,877.4,362.5,1054.0,229.3,27,20.22,2.68,22.90,43.41
J.Murphy,402,3,114243.jpg,2023-24,114243,50,48,82,1184,3,8,5,21,0,0,0,1,0,0,4,312,377.8,453.4,270.0,110.0,14,2.23,3.35,5.58,18.42
Joelinton,403,3,180974.jpg,2023-24,180974,60,58,45,1276,2,1,3,23,0,0,0,6,0,0,3,209,295.2,314.9,206.0,81.6,15,2.82,1.09,3.91,25.30
Kelly,404,2,235530.jpg,2023-24,235530,45,45,48,1553,0,1,4,32,0,0,0,2,0,0,5,293,279.0,141.8,48.0,46.9,17,0.34,0.77,1.11,25.04
Krafth,405,2,111773.jpg,2023-24,111773,45,44,33,909,0,0,3,15,0,0,0,2,0,0,1,187,164.2,145.4,28.0,33.8,8,0.20,0.76,0.96,12.94
Kuol,406,3,564510.jpg,2023-24,564510,45,45,0,0,0,0,0,0,0,0,0,0,0,0,0,0,0.0,0.0,0.0,0.0,0,0.00,0.00,0.00,0.00
Lascelles,407,2,101148.jpg,2023-24,101148,40,37,46,1077,1,0,5,15,0,0,0,4,0,0,3,212,233.0,35.4,69.0,33.8,13,0.74,0.12,0.86,18.08
Lewis,408,2,194799.jpg,2023-24,194799,40,40,0,0,0,0,0,0,0,0,0,0,0,0,0,0,0.0,0.0,0.0,0.0,0,0.00,0.00,0.00,0.00
Livramento,409,2,441191.jpg,2023-24,441191,45,40,45,1302,1,0,2,27,0,0,0,1,0,0,4,253,292.0,193.9,96.0,58.4,12,0.38,0.83,1.21,28.63
Longstaff,410,3,180135.jpg,2023-24,180135,50,48,110,2742,6,3,10,50,0,0,0,7,0,0,3,418,550.0,357.1,479.0,138.8,30,6.76,2.80,9.56,51.59
Miley,411,3,547719.jpg,2023-24,547719,45,45,44,1203,1,3,1,29,0,0,0,1,0,0,1,232,237.4,192.8,136.0,56.7,14,1.22,1.08,2.30,30.20
Odysseas,412,1,111452.jpg,2023-24,111452,45,45,12,450,0,0,1,12,0,0,0,0,0,10,0,79,101.8,10.0,0.0,11.2,5,0.00,0.01,0.01,7.48
Pope,413,1,98747.jpg,2023-24,98747,55,53,57,1345,0,0,6,16,0,0,0,1,0,43,1,279,323.0,0.0,4.0,32.7,15,0.02,0.00,0.02,15.92
Schär,415,2,119471.jpg,2023-24,119471,50,56,123,3055,4,3,9,58,0,0,0,5,0,0,12,629,826.6,166.7,278.0,127.4,35,2.47,1.41,3.87,58.64
Targett,416,2,169359.jpg,2023-24,169359,45,42,2,77,0,0,0,4,0,0,0,1,0,0,0,15,9.2,11.9,0.0,2.2,1,0.00,0.01,0.01,1.77
Tonali,417,3,432422.jpg,2023-24,432422,55,52,16,437,1,0,1,5,0,0,0,2,0,0,0,86,81.8,105.0,50.0,23.8,5,0.62,0.47,1.09,6.66
Trippier,418,2,77794.jpg,2023-24,77794,65,66,111,2235,1,10,6,43,0,0,0,5,0,0,20,589,719.0,1028.5,102.0,185.2,26,0.65,6.97,7.62,40.26
White,419,3,461484.jpg,2023-24,461484,45,45,3,12,0,0,0,0,0,0,0,1,0,0,0,9,0.8,1.1,0.0,0.1,0,0.00,0.00,0.00,0.24
Willock,420,3,200089.jpg,2023-24,200089,55,53,18,415,1,0,1,9,0,0,0,0,0,0,0,60,89.8,92.5,106.0,28.8,5,0.88,0.57,1.45,8.03
Wilson,421,4,75115.jpg,2023-24,75115,80,78,69,981,9,1,6,15,0,0,0,3,0,0,4,246,366.2,110.3,563.0,103.2,9,8.96,0.54,9.50,13.12
Osula,590,4,538207.jpg,2023-24,538207,45,42,25,778,0,1,0,23,0,0,0,4,0,0,0,27,27.0,24.9,200.0,24.4,9,1.64,0.15,1.79,20.19
Alex Moreno,26,2,106468.jpg,2023-24,106468,50,49,49,1024,2,0,3,20,1,0,0,2,0,0,5,211,217.8,156.9,152.0,52.7,11,1.11,0.98,2.09,18.50
Aina,422,2,159506.jpg,2023-24,159506,45,45,45,1690,1,1,2,39,0,0,0,3,0,0,2,289,312.0,181.7,49.0,54.4,20,0.34,1.01,1.35,29.01
Anderson,423,3,215379.jpg,2023-24,215379,45,42,42,1018,0,2,5,14,0,0,0,3,0,0,3,144,187.4,223.7,201.0,61.1,10,1.63,1.25,2.88,12.49
Awoniyi,424,4,210156.jpg,2023-24,210156,65,63,67,1036,6,3,3,21,0,0,0,2,0,0,5,247,303.2,134.4,308.0,74.2,12,4.85,0.90,5.75,15.61
Boly,425,2,90585.jpg,2023-24,90585,45,45,58,1437,2,1,3,26,0,0,0,1,1,0,7,275,480.0,100.5,200.0,78.1,18,1.56,0.77,2.33,26.30
Bowler,426,3,245830.jpg,2023-24,245830,45,45,0,0,0,0,0,0,0,0,0,0,0,0,0,0,0.0,0.0,0.0,0.0,0,0.00,0.00,0.00,0.00
Danilo,429,3,513046.jpg,2023-24,513046,55,53,65,1787,2,2,1,42,0,0,0,4,0,0,4,302,368.0,277.6,137.0,78.1,20,1.82,0.94,2.76,28.60
Dennis,430,4,230251.jpg,2023-24,230251,50,48,0,0,0,0,0,0,0,0,0,0,0,0,0,0,0.0,0.0,0.0,0.0,0,0.00,0.00,0.00,0.00
Dominguez,431,3,250199.jpg,2023-24,250199,50,50,67,1489,2,2,6,27,0,0,0,4,0,0,6,276,340.4,176.2,187.0,70.6,19,1.30,1.14,2.44,21.20
Elanga,432,3,449434.jpg,2023-24,449434,50,49,119,2424,5,9,2,47,0,0,0,1,0,0,5,386,536.4,441.6,618.0,159.2,25,6.20,4.04,10.24,39.39
Gibbs-White,433,3,222531.jpg,2023-24,222531,60,57,142,3156,5,12,5,59,0,0,0,9,0,0,13,563,703.2,1155.2,495.0,235.6,35,6.65,6.79,13.44,49.08
James,172,2,225796.jpg,2023-24,225796,55,53,11,416,0,2,0,13,0,0,0,0,2,0,0,106,137.4,172.1,61.0,37.1,5,0.30,1.36,1.66,11.31
Kellyman,173,3,549068.jpg,2023-24,549068,45,45,2,35,0,0,0,1,0,0,0,0,0,0,0,6,2.6,0.5,2.0,0.5,0,0.04,0.00,0.04,1.03
Lavia,174,3,514356.jpg,2023-24,514356,50,49,1,32,0,0,0,0,0,0,0,0,0,0,0,2,3.6,1.9,0.0,0.6,0,0.00,0.01,0.01,0.33
Lukaku,175,4,66749.jpg,2023-24,66749,70,68,0,0,0,0,0,0,0,0,0,0,0,0,0,0,0.0,0.0,0.0,0.0,0,0.00,0.00,0.00,0.00
M.Sarr,176,2,204727.jpg,2023-24,204727,45,43,0,0,0,0,0,0,0,0,0,0,0,0,0,0,0.0,0.0,0.0,0.0,0,0.00,0.00,0.00,0.00
Madueke,177,3,248857.jpg,2023-24,248857,55,53,76,1044,5,3,4,19,0,0,0,2,0,0,7,253,341.6,287.5,401.0,102.8,13,2.51,2.13,4.64,18.37
Mudryk,179,3,465920.jpg,2023-24,465920,65,63,94,1564,5,5,7,28,0,0,0,5,0,0,5,291,347.2,457.5,420.0,122.4,18,4.77,3.15,7.92,25.05
N.Jackson,180,4,517052.jpg,2023-24,517052,70,70,142,2801,14,6,9,48,0,0,0,10,0,0,12,479,783.8,501.7,1098.0,237.7,31,18.14,3.00,21.14,47.46
Nkunku,181,3,213198.jpg,2023-24,213198,75,72,29,437,3,0,0,12,0,0,0,0,0,0,4,96,134.6,74.5,222.0,42.7,2,2.47,0.37,2.84,8.74
Palmer,182,3,244851.jpg,2023-24,244851,50,63,244,2617,22,13,7,46,0,0,0,7,0,0,32,844,1240.2,1022.5,1016.0,327.8,29,17.35,8.17,25.52,45.48
Petrović,183,1,457569.jpg,2023-24,457569,45,47,71,1986,0,0,5,38,0,0,0,2,0,75,5,414,567.8,0.0,0.0,56.8,22,0.00,0.00,0.00,34.93
Sánchez,185,1,215059.jpg,2023-24,215059,45,45,59,1433,0,0,3,25,0,1,0,2,0,53,7,317,450.6,0.1,0.0,45.2,16,0.00,0.00,0.00,23.72
Tosin,187,2,109646.jpg,2023-24,109646,45,43,66,1616,2,0,6,25,0,0,0,2,0,0,2,327,431.8,39.3,152.0,62.4,18,0.78,0.32,1.10,28.19
W.Fofana,189,2,444463.jpg,2023-24,444463,45,44,0,0,0,0,0,0,0,0,0,0,0,0,0,0,0.0,0.0,0.0,0.0,0,0.00,0.00,0.00,0.00
Sancho,386,3,209243.jpg,2023-24,209243,70,67,3,76,0,0,0,1,0,0,0,0,0,0,0,11,9.8,14.8,12.0,3.6,0,0.00,0.07,0.07,1.86
Neto,560,3,247632.jpg,2023-24,247632,55,55,86,1516,2,11,3,27,0,0,0,4,0,0,8,310,371.4,599.2,389.0,135.5,18,3.17,3.69,6.86,29.09
Nketiah,11,4,205533.jpg,2023-24,205533,55,50,71,1065,5,4,6,10,0,0,0,3,0,0,5,206,235.0,136.3,417.0,77.2,10,4.65,0.53,5.18,10.21
Chalobah,159,2,180736.jpg,2023-24,180736,45,43,39,949,1,0,3,14,0,0,0,1,0,0,4,221,250.8,45.4,38.0,33.4,10,0.20,0.16,0.36,15.26
Ahamada,190,3,466117.jpg,2023-24,466117,45,43,16,332,0,0,0,14,0,0,0,2,1,0,0,52,41.2,25.2,61.0,12.9,0,0.40,0.12,0.52,8.93
C.Doucouré,193,3,438464.jpg,2023-24,438464,50,48,21,920,0,0,3,12,0,0,0,2,0,0,0,141,165.8,138.5,36.0,34.2,11,0.28,0.76,1.04,13.76
C.Richards,194,2,427623.jpg,2023-24,427623,40,39,62,2091,1,1,4,38,0,0,0,3,0,0,4,370,456.2,87.5,108.0,65.2,23,0.60,0.17,0.77,33.16
Clyne,196,2,57328.jpg,2023-24,57328,45,43,52,1335,0,1,5,16,0,0,0,0,0,0,0,259,179.6,67.8,21.0,27.0,14,0.21,0.21,0.42,21.65
Ebiowei,197,3,450535.jpg,2023-24,450535,45,44,0,0,0,0,0,0,0,0,0,0,0,0,0,0,0.0,0.0,0.0,0.0,0,0.00,0.00,0.00,0.00
Eze,199,3,232413.jpg,2023-24,232413,65,60,136,2054,11,5,8,28,0,0,0,3,0,0,11,490,740.4,810.0,735.0,228.7,24,9.12,5.66,14.78,32.39
Guéhi,200,2,209036.jpg,2023-24,209036,45,42,66,2020,0,1,6,32,0,0,0,2,0,0,6,397,417.8,106.6,35.0,56.1,23,0.58,1.00,1.58,31.51
Henderson,201,1,172649.jpg,2023-24,172649,45,44,48,1620,0,0,4,30,2,0,0,2,0,58,2,293,434.8,0.0,0.0,43.7,18,0.00,0.01,0.01,26.47
Holding,202,2,156074.jpg,2023-24,156074,45,43,0,0,0,0,0,0,0,0,0,0,0,0,0,0,0.0,0.0,0.0,0.0,0,0.00,0.00,0.00,0.00
Hughes,203,3,108413.jpg,2023-24,108413,50,49,61,1886,0,2,8,38,0,0,0,6,0,0,2,252,319.2,338.6,67.0,72.3,23,0.31,1.70,2.01,30.83
Lerma,206,3,152551.jpg,2023-24,152551,50,47,64,2399,1,1,5,46,0,0,0,8,0,0,4,338,417.6,366.1,240.0,102.4,27,2.61,1.78,4.39,38.16
Mateta,207,4,231747.jpg,2023-24,231747,50,51,165,2274,16,7,8,44,0,0,0,3,0,0,22,563,775.0,404.0,741.0,191.9,25,10.84,1.30,12.14,40.46
M.França,208,3,536694.jpg,2023-24,536694,50,48,16,224,0,2,0,7,0,0,0,1,0,0,0,47,36.4,77.7,53.0,16.5,1,0.33,0.46,0.79,3.49
Matthews,209,1,169593.jpg,2023-24,169593,40,39,1,3,0,0,0,1,0,0,0,0,0,0,0,3,1.0,0.0,0.0,0.1,0,0.00,0.00,0.00,0.07
Mitchell,210,2,244723.jpg,2023-24,244723,45,45,119,3204,2,3,10,55,0,0,0,6,0,0,10,590,669.8,393.7,209.0,127.4,37,1.27,2.39,3.66,50.84
Muñoz,211,2,247348.jpg,2023-24,247348,45,45,56,1440,0,4,5,22,0,0,0,4,0,0,3,270,331.0,265.6,119.0,71.7,16,1.26,1.26,2.52,19.71
Ozoh,212,3,531989.jpg,2023-24,531989,45,45,8,148,0,0,0,5,0,0,0,1,0,0,0,27,25.2,4.0,0.0,2.9,0,0.00,0.01,0.01,3.06
Rak-Sakyi,213,3,450542.jpg,2023-24,450542,45,45,8,132,0,0,1,3,0,0,0,0,0,0,0,21,23.2,28.2,58.0,11.0,0,0.41,0.14,0.54,3.21
Schlupp,214,3,86417.jpg,2023-24,86417,50,48,66,1340,2,2,4,25,0,0,0,1,0,0,4,201,279.8,234.2,229.0,74.1,17,1.70,1.41,3.11,22.46
Ward,215,2,55494.jpg,2023-24,55494,45,45,54,1978,0,1,5,34,1,0,0,4,0,0,0,304,348.2,79.0,41.0,46.8,23,0.88,0.25,1.13,30.96
Wharton,216,3,496221.jpg,2023-24,496221,50,50,50,1296,0,3,7,16,0,0,0,2,0,0,4,222,255.0,287.9,29.0,57.3,15,0.38,1.50,1.87,18.04
Turner,445,1,224068.jpg,2023-24,224068,40,37,41,1530,0,0,2,28,0,0,0,2,0,55,0,278,379.6,0.0,0.0,37.9,17,0.00,0.00,0.00,25.43
Umeh-Chibueze,644,3,574398.jpg,2023-24,574398,45,45,0,0,0,0,0,0,0,0,0,0,0,0,0,0,0.0,0.0,0.0,0.0,0,0.00,0.00,0.00,0.00
Rodney,647,3,530318.jpg,2023-24,530318,45,45,0,0,0,0,0,0,0,0,0,0,0,0,0,0,0.0,0.0,0.0,0.0,0,0.00,0.00,0.00,0.00
Broja,156,4,440323.jpg,2023-24,440323,50,49,35,529,1,2,3,9,0,0,0,0,0,0,0,72,75.6,70.3,152.0,29.0,6,2.24,0.23,2.47,8.40
A.Doucoure,217,3,121599.jpg,2023-24,121599,55,55,116,2632,7,3,12,36,0,0,0,7,0,0,7,335,462.4,456.5,687.0,161.0,32,8.70,1.51,10.21,42.26
Beto,218,4,486385.jpg,2023-24,486385,60,57,50,943,3,0,2,20,0,0,1,2,0,0,3,105,158.8,139.6,425.0,71.3,9,6.46,0.30,6.76,18.11
Branthwaite,219,2,480455.jpg,2023-24,480455,40,45,124,3116,3,1,12,44,0,0,0,8,0,0,10,621,789.4,67.2,185.0,104.3,35,1.62,1.29,2.91,49.43
Calvert-Lewin,220,4,177815.jpg,2023-24,177815,60,58,101,2166,7,3,13,27,0,0,0,2,0,0,9,259,403.0,255.6,901.0,154.8,26,12.86,1.58,14.43,31.91
Coleman,221,2,59949.jpg,2023-24,59949,45,44,30,661,0,0,4,10,1,0,0,0,0,0,3,141,108.6,49.9,6.0,16.5,7,0.00,0.70,0.70,10.48
Gana,222,3,80801.jpg,2023-24,80801,50,48,73,1885,4,0,7,25,0,0,0,8,0,0,10,337,406.8,237.1,154.0,79.7,24,1.25,0.82,2.07,29.41
Garner,223,3,232928.jpg,2023-24,232928,50,49,87,3001,1,2,11,47,0,0,0,7,0,0,3,421,526.6,663.1,244.0,143.5,34,2.62,3.75,6.37,48.61
Harrison,224,3,221399.jpg,2023-24,221399,55,55,92,2212,3,3,11,26,0,0,0,1,0,0,5,292,397.4,405.7,339.0,114.3,25,3.68,3.02,6.70,34.15
Holgate,225,2,194164.jpg,2023-24,194164,40,40,1,711,0,0,0,27,0,0,0,3,1,0,0,69,117.8,22.7,19.0,15.9,9,0.55,0.20,0.75,19.41
Iroegbunam,226,3,490094.jpg,2023-24,490094,45,44,10,157,0,0,0,7,0,0,0,0,0,0,0,29,18.6,4.0,0.0,2.1,1,0.00,0.00,0.00,4.95
J.Virginia,227,1,222627.jpg,2023-24,222627,40,39,0,0,0,0,0,0,0,0,0,0,0,0,0,0,0.0,0.0,0.0,0.0,0,0.00,0.00,0.00,0.00
Keane,228,2,106611.jpg,2023-24,106611,45,42,18,437,1,0,1,13,0,0,0,2,0,0,2,72,108.2,4.6,92.0,20.5,4,0.56,0.06,0.62,10.81
Maupay,229,4,115382.jpg,2023-24,115382,50,49,76,1417,6,3,4,37,0,0,0,8,0,0,6,248,325.8,242.5,568.0,112.6,14,6.89,1.99,8.88,26.36
McNeil,230,3,433154.jpg,2023-24,433154,55,54,124,2891,3,8,12,39,0,0,0,2,0,0,8,515,615.4,1110.8,400.0,212.7,33,3.26,7.90,11.16,45.06
Mykolenko,231,2,224967.jpg,2023-24,224967,45,45,101,2469,2,1,9,37,0,0,0,1,0,0,9,452,517.4,239.8,211.0,96.8,28,1.49,1.07,2.56,39.97
Ndiaye,232,4,440993.jpg,2023-24,440993,55,55,0,0,0,0,0,0,0,0,0,0,0,0,0,0,0.0,0.0,0.0,0.0,0,0.00,0.00,0.00,0.00
Patterson,234,2,243571.jpg,2023-24,243571,45,43,34,1000,0,2,2,21,0,0,0,4,0,0,3,187,207.2,138.2,26.0,37.3,9,0.34,1.03,1.37,20.60
Pickford,235,1,111234.jpg,2023-24,111234,45,48,153,3420,0,0,13,51,1,0,0,5,0,121,22,734,969.2,43.4,0.0,101.3,38,0.00,0.46,0.46,56.01
Tarkowski,236,2,17761.jpg,2023-24,17761,45,46,117,3420,1,1,13,51,0,0,0,11,0,0,10,649,915.4,269.6,320.0,150.9,38,2.55,2.66,5.21,55.64
Y. Chermiti,237,4,491012.jpg,2023-24,491012,50,48,16,196,0,0,1,4,0,0,0,3,0,0,0,28,19.2,51.2,84.0,14.9,1,0.74,0.30,1.04,5.04
Young,238,2,18892.jpg,2023-24,18892,45,44,76,2277,0,1,9,34,1,0,0,5,1,0,3,375,284.8,365.2,87.0,74.0,27,0.67,1.51,2.18,37.73
O'Brien,582,2,512462.jpg,2023-24,512462,40,40,0,0,0,0,0,0,0,0,0,0,0,0,0,0,0.0,0.0,0.0,0.0,0,0.00,0.00,0.00,0.00
Metcalfe,614,3,491557.jpg,2023-24,491557,45,45,0,0,0,0,0,0,0,0,0,0,0,0,0,0,0.0,0.0,0.0,0.0,0,0.00,0.00,0.00,0.00
Mangala,651,3,179519.jpg,2023-24,179519,50,50,40,1562,1,0,3,31,0,0,0,6,0,0,0,186,208.0,108.7,44.0,36.0,19,0.77,0.28,1.05,24.50
Nelson,10,3,200641.jpg,2023-24,200641,50,48,16,256,0,0,1,1,0,0,0,1,0,0,0,58,42.8,87.7,39.0,16.9,1,0.18,0.43,0.61,2.18
Smith Rowe,19,3,209289.jpg,2023-24,209289,55,53,25,343,0,2,3,3,0,0,0,0,0,0,0,73,62.4,72.2,128.0,25.6,3,1.86,0.40,2.26,2.10
Andersen,191,2,174874.jpg,2023-24,174874,45,47,121,3416,2,3,10,58,0,0,0,7,0,0,12,679,873.6,301.1,253.0,143.1,38,1.75,2.08,3.83,53.71
Adama,239,3,159533.jpg,2023-24,159533,50,49,36,363,2,3,0,13,0,0,0,2,0,0,1,113,164.2,108.1,140.0,41.3,1,1.49,0.88,2.37,11.28
Andreas,240,3,156689.jpg,2023-24,156689,55,53,127,2611,3,9,14,40,0,0,0,6,0,0,7,459,503.6,1254.3,417.0,217.8,34,4.52,5.72,10.24,42.91
Bassey,241,2,232892.jpg,2023-24,232892,45,44,66,2299,1,0,6,42,0,0,0,4,1,0,4,442,462.8,34.8,50.0,55.0,25,0.37,0.16,0.53,40.83
Benda,242,1,428971.jpg,2023-24,428971,40,40,0,0,0,0,0,0,0,0,0,0,0,0,0,0,0.0,0.0,0.0,0.0,0,0.00,0.00,0.00,0.00
Cairney,243,3,76357.jpg,2023-24,76357,50,49,70,1472,1,6,4,27,1,0,0,3,0,0,2,346,335.2,407.2,170.0,90.9,14,1.03,2.58,3.61,29.53
Castagne,244,2,166477.jpg,2023-24,166477,45,45,105,2630,1,3,9,40,0,0,0,3,0,0,7,510,494.4,295.0,229.0,102.1,29,1.29,2.06,3.35,41.07
Diop,245,2,219924.jpg,2023-24,219924,45,44,43,1423,0,0,5,26,0,0,0,2,1,0,3,259,348.8,20.5,37.0,40.8,16,0.26,0.42,0.68,33.20
Harris,246,3,515024.jpg,2023-24,515024,45,45,2,74,0,0,0,5,0,0,0,0,0,0,0,2,3.2,0.7,17.0,2.1,0,0.28,0.01,0.29,2.26
Iwobi,247,3,153133.jpg,2023-24,153133,55,53,102,2331,5,2,7,41,0,0,0,2,0,0,9,425,504.2,718.8,534.0,175.9,27,5.23,4.20,9.43,37.63
Leno,248,1,80201.jpg,2023-24,80201,45,48,133,3420,0,0,10,61,1,0,0,3,0,134,15,782,1069.8,0.1,0.0,106.7,38,0.00,0.00,0.00,64.14
Lukić,249,3,212314.jpg,2023-24,212314,45,43,43,1113,1,0,5,20,0,0,0,3,0,0,0,157,192.4,155.6,115.0,46.2,13,1.49,0.46,1.95,22.86
Mbabu,250,2,120721.jpg,2023-24,120721,40,40,0,0,0,0,0,0,0,0,0,0,0,0,0,0,0.0,0.0,0.0,0.0,0,0.00,0.00,0.00,0.00
Muniz,251,4,244042.jpg,2023-24,244042,45,43,97,1589,9,2,6,27,0,0,0,1,0,0,12,299,409.0,213.1,875.0,148.2,18,8.76,0.94,9.70,26.67
Raúl,252,4,102057.jpg,2023-24,102057,55,50,72,1390,7,0,4,29,0,0,0,3,1,0,13,237,335.8,185.9,440.0,95.1,18,5.37,0.96,6.33,37.43
Ream,253,2,82514.jpg,2023-24,82514,45,44,40,1503,1,0,3,31,0,0,0,2,1,0,4,267,339.8,18.2,45.0,40.4,17,0.96,0.16,1.12,34.03
Reed,254,3,153366.jpg,2023-24,153366,50,43,47,1317,0,2,6,23,0,0,0,6,0,0,0,205,213.8,212.6,45.0,47.2,15,0.29,1.49,1.78,25.65
Robinson,255,2,169528.jpg,2023-24,169528,45,45,104,3266,0,6,9,60,2,0,0,6,0,0,8,662,805.8,536.7,241.0,158.6,37,0.68,3.75,4.43,61.93
Stansfield,256,4,490146.jpg,2023-24,490146,45,45,0,0,0,0,0,0,0,0,0,0,0,0,0,0,0.0,0.0,0.0,0.0,0,0.00,0.00,0.00,0.00
Tete,257,2,167074.jpg,2023-24,167074,45,44,27,863,1,0,2,21,0,0,0,2,0,0,0,161,195.2,93.4,67.0,35.6,10,0.86,0.46,1.32,22.97
Vinicius,258,4,245824.jpg,2023-24,245824,50,45,22,306,2,0,0,5,0,0,0,2,0,0,2,77,83.6,61.3,139.0,28.2,2,1.59,0.11,1.70,4.50
Wilson,259,3,153682.jpg,2023-24,153682,55,53,94,1603,4,7,5,30,0,0,0,6,0,0,5,307,375.0,357.3,340.0,107.2,16,3.45,2.63,6.08,33.01
Sessegnon,579,2,184349.jpg,2023-24,184349,45,44,0,0,0,0,0,0,0,0,0,0,0,0,0,0,0.0,0.0,0.0,0.0,0,0.00,0.00,0.00,0.00
King,604,3,577725.jpg,2023-24,577725,45,45,0,0,0,0,0,0,0,0,0,0,0,0,0,0,0.0,0.0,0.0,0.0,0,0.00,0.00,0.00,0.00
Berge,622,3,207189.jpg,2023-24,207189,50,46,74,3002,1,2,2,70,0,0,0,8,1,0,3,430,533.6,446.3,161.0,114.3,34,2.04,1.66,3.70,66.96
Johnson,275,2,222018.jpg,2023-24,222018,45,44,17,538,0,0,1,16,0,0,0,1,0,0,0,90,84.6,22.5,38.0,14.7,4,0.25,0.11,0.36,13.03
Phillips,359,3,155405.jpg,2023-24,155405,50,47,10,394,0,0,0,13,0,0,0,1,1,0,0,27,35.6,23.3,31.0,9.1,3,0.22,0.11,0.33,10.75
Muric,568,1,232917.jpg,2023-24,232917,45,43,47,900,0,0,0,16,1,1,0,0,0,64,12,241,513.0,40.3,0.0,55.3,10,0.00,0.05,0.05,20.43
O'Shea,630,2,216616.jpg,2023-24,216616,45,44,69,2892,3,4,2,71,1,0,0,5,1,0,2,478,772.0,189.7,213.0,117.7,32,0.74,0.90,1.64,62.70
Ogbene,632,3,229164.jpg,2023-24,229164,50,48,84,1987,4,4,2,47,0,0,0,1,0,0,7,387,412.6,378.3,486.0,127.7,20,4.47,3.50,7.97,46.30
Buonanotte,117,3,536916.jpg,2023-24,536916,50,47,57,1356,3,1,6,19,0,0,0,7,0,0,1,160,254.8,291.3,238.0,78.4,17,2.34,1.16,3.50,21.14
J.Ayew,192,3,80146.jpg,2023-24,80146,55,53,109,2540,4,7,11,39,0,0,0,7,1,0,3,325,517.6,445.2,550.0,151.1,30,3.97,2.55,6.52,36.77
Edouard,198,4,199670.jpg,2023-24,199670,55,53,79,1545,7,0,6,24,0,0,0,4,0,0,9,246,359.6,256.7,663.0,128.0,17,6.33,0.86,7.19,20.54
Cannon,286,4,461416.jpg,2023-24,461416,45,45,1,1,0,0,0,0,0,0,0,0,0,0,0,3,0.0,0.0,0.0,0.0,0,0.00,0.00,0.00,0.28
De Cordova-Reid,290,3,96994.jpg,2023-24,96994,55,52,92,1410,6,3,3,29,0,0,0,4,0,0,7,290,330.6,255.3,325.0,90.0,17,4.55,1.12,5.67,28.79
Thomas,305,2,244619.jpg,2023-24,244619,40,40,7,916,0,0,0,29,0,0,0,3,0,0,0,80,127.8,53.9,64.0,24.7,11,0.53,0.18,0.71,21.70
Skipp,501,3,209042.jpg,2023-24,209042,50,45,22,691,0,0,0,17,0,0,0,3,0,0,0,105,92.0,126.2,65.0,28.1,5,0.77,0.50,1.27,17.25
A.Becker,310,1,116535.jpg,2023-24,116535,55,57,107,2520,0,0,8,30,0,0,0,1,0,83,9,575,671.2,10.4,0.0,68.1,28,0.00,0.00,0.00,35.21
Alexander-Arnold,311,2,169187.jpg,2023-24,169187,80,84,122,2153,3,5,8,28,0,0,0,6,0,0,19,590,601.8,1027.5,237.0,186.8,25,2.78,5.84,8.62,27.96
Bajcetic,312,3,535928.jpg,2023-24,535928,50,47,1,25,0,0,0,2,0,0,0,0,0,0,0,3,7.8,0.3,0.0,0.8,0,0.00,0.00,0.00,0.88
Bradley,313,2,492777.jpg,2023-24,492777,40,41,50,752,1,3,3,7,1,0,0,2,0,0,7,211,230.4,215.8,160.0,60.6,10,0.91,1.24,2.15,7.47
Clark,315,3,491970.jpg,2023-24,491970,45,44,5,86,0,0,0,0,0,0,0,0,0,0,0,7,11.6,5.3,19.0,3.6,1,0.14,0.01,0.15,1.75
Darwin,316,4,447203.jpg,2023-24,447203,75,75,132,2033,11,11,6,25,0,0,1,9,0,0,9,397,660.8,439.1,1223.0,232.4,22,16.23,4.37,20.60,25.33
Diogo J.,317,3,194634.jpg,2023-24,194634,80,79,110,1141,10,7,5,11,0,0,0,1,1,0,7,328,483.8,290.2,639.0,141.4,14,5.24,1.75,6.99,15.21
Doak,318,3,496208.jpg,2023-24,496208,45,43,1,13,0,0,0,0,0,0,0,0,0,0,0,3,0.2,0.8,0.0,0.1,0,0.00,0.00,0.00,0.14
Elliott,319,3,444884.jpg,2023-24,444884,50,48,96,1330,3,9,4,13,0,0,0,2,0,0,8,402,417.2,570.0,391.0,137.5,11,2.72,4.68,7.40,19.29
Endo,320,3,158983.jpg,2023-24,158983,55,54,47,1714,1,0,6,16,0,0,0,10,0,0,0,250,281.6,269.5,53.0,60.1,20,0.51,1.53,2.04,22.42
Gakpo,321,4,243298.jpg,2023-24,243298,75,71,106,1633,8,5,5,20,0,0,0,1,0,0,12,409,521.4,348.2,708.0,157.1,17,9.07,2.71,11.78,23.90
Gomez,322,2,171287.jpg,2023-24,171287,45,45,76,1772,0,2,7,19,0,0,0,5,0,0,2,390,316.0,338.3,119.0,77.7,17,1.02,1.07,2.09,27.08
Gravenberch,323,3,441266.jpg,2023-24,441266,50,50,45,1110,1,0,3,17,0,0,0,0,0,0,3,176,187.0,229.4,198.0,61.5,12,2.08,1.35,3.43,15.05
Jones,324,3,206915.jpg,2023-24,206915,50,49,40,1156,1,1,2,19,0,0,0,3,1,0,2,171,174.0,203.2,195.0,57.0,14,2.74,1.04,3.78,19.42
Kelleher,325,1,200720.jpg,2023-24,200720,40,36,34,900,0,0,2,11,0,0,0,0,0,28,3,198,261.2,10.0,0.0,27.0,10,0.00,0.01,0.01,10.33
Konaté,326,2,204716.jpg,2023-24,204716,50,49,56,1570,0,0,6,19,0,0,0,3,1,0,2,315,357.4,139.9,87.0,58.5,17,0.70,0.47,1.17,21.42
Luis Díaz,327,3,244731.jpg,2023-24,244731,75,76,142,2625,8,7,7,33,0,0,0,3,0,0,9,413,613.0,844.0,1190.0,264.6,32,12.08,4.73,16.81,35.22
M.Salah,328,3,118748.jpg,2023-24,118748,125,134,211,2531,18,12,8,30,0,0,2,2,0,0,24,621,1033.8,892.2,1531.0,346.0,28,20.89,7.47,28.36,32.22
Mac Allister,329,3,243016.jpg,2023-24,243016,60,59,109,2600,5,5,6,34,0,0,0,7,1,0,12,512,712.4,726.7,224.0,166.2,31,3.59,4.89,8.48,37.16
McConnell,330,3,491501.jpg,2023-24,491501,45,44,3,3,0,0,0,0,0,0,0,0,0,0,0,8,1.0,0.4,0.0,0.1,0,0.00,0.00,0.00,0.01
N.Phillips,332,2,197464.jpg,2023-24,197464,40,40,0,0,0,0,0,0,0,0,0,0,0,0,0,0,0.0,0.0,0.0,0.0,0,0.00,0.00,0.00,0.00
Quansah,333,2,441428.jpg,2023-24,441428,40,40,49,1188,2,0,2,15,0,0,0,1,0,0,5,263,331.6,58.8,104.0,49.4,13,1.04,0.19,1.23,14.28
Robertson,335,2,122798.jpg,2023-24,122798,65,65,76,1689,3,2,3,22,0,0,0,2,0,0,8,463,552.2,936.1,230.0,171.9,18,1.90,4.40,6.30,22.83
Szoboszlai,336,3,424876.jpg,2023-24,424876,70,71,99,2102,3,4,8,23,0,0,0,1,0,0,7,437,423.4,830.0,377.0,162.8,25,3.64,5.13,8.77,25.06
Tsimikas,337,2,214285.jpg,2023-24,214285,45,43,48,675,0,3,4,7,0,0,0,0,0,0,4,201,158.8,267.5,35.0,46.2,8,0.09,1.26,1.35,8.46
Virgil,339,2,97032.jpg,2023-24,97032,60,66,117,3177,2,2,9,40,0,0,0,3,1,0,8,662,911.2,176.3,449.0,153.8,36,2.88,1.04,3.92,45.72
Akanji,340,2,211975.jpg,2023-24,211975,50,50,112,2512,2,0,11,23,0,0,0,2,1,0,8,560,536.4,298.7,137.0,97.4,28,1.77,1.79,3.56,25.72
Aké,341,2,126184.jpg,2023-24,126184,50,50,99,2039,2,3,6,20,0,0,0,0,0,0,6,483,447.2,197.7,249.0,89.7,24,2.47,1.14,3.61,21.14
Bernardo,342,3,165809.jpg,2023-24,165809,65,62,141,2576,6,9,10,26,0,0,0,8,0,0,20,604,747.4,959.5,570.0,228.0,29,3.54,8.05,11.59,26.40
Bobb,343,3,477555.jpg,2023-24,477555,45,44,30,294,1,2,1,5,0,0,0,0,0,0,2,112,105.4,147.1,107.0,36.0,2,1.50,1.10,2.60,2.91
Carson,344,1,17601.jpg,2023-24,17601,40,38,0,0,0,0,0,0,0,0,0,0,0,0,0,0,0.0,0.0,0.0,0.0,0,0.00,0.00,0.00,0.00
De Bruyne,345,3,61366.jpg,2023-24,61366,105,106,98,1219,4,10,7,8,0,0,0,2,0,0,11,415,527.6,901.1,406.0,183.6,15,2.40,6.90,9.30,10.92
Doku,346,3,248875.jpg,2023-24,248875,65,64,98,1585,3,10,1,19,0,0,0,3,0,0,13,391,524.2,640.2,875.0,203.9,18,2.57,5.85,8.42,16.21
Ederson M.,347,1,121160.jpg,2023-24,121160,55,55,112,2785,0,0,11,27,0,0,0,5,0,57,5,569,551.8,10.0,0.0,56.0,33,0.00,0.03,0.03,27.43
Foden,348,3,209244.jpg,2023-24,209244,75,85,230,2860,19,8,14,27,0,0,0,2,0,0,31,866,1154.8,1157.8,1172.0,348.8,33,10.17,6.95,17.12,28.51
Grealish,349,3,114283.jpg,2023-24,114283,75,72,50,998,3,1,3,13,0,0,0,6,0,0,6,199,240.4,384.1,295.0,91.9,10,2.17,2.69,4.86,12.58
Gvardiol,350,2,477424.jpg,2023-24,477424,50,52,123,2327,4,2,9,23,0,0,0,3,0,0,12,549,544.4,362.2,389.0,129.7,26,3.14,2.09,5.23,23.88
Haaland,351,4,223094.jpg,2023-24,223094,140,143,217,2553,27,8,11,25,0,0,1,1,0,0,29,792,1094.6,367.2,1581.0,303.3,29,29.57,2.18,31.75,25.65
J.Alvarez,352,4,461358.jpg,2023-24,461358,65,64,158,2644,11,11,12,24,0,0,0,2,0,0,17,662,737.0,1005.2,992.0,273.3,31,13.07,6.28,19.35,25.52
João Cancelo,353,2,121145.jpg,2023-24,121145,60,58,0,0,0,0,0,0,0,0,0,0,0,0,0,0,0.0,0.0,0.0,0.0,0,0.00,0.00,0.00,0.00
Kovačić,354,3,91651.jpg,2023-24,91651,50,46,59,1539,1,0,9,14,0,0,0,4,0,0,2,316,265.0,365.9,129.0,76.0,16,1.24,1.66,2.90,13.55
Lewis,355,2,477064.jpg,2023-24,477064,45,42,52,804,2,0,4,9,0,0,0,1,0,0,2,215,148.0,195.9,114.0,45.8,8,0.63,1.25,1.88,8.73
Matheus N.,356,3,465351.jpg,2023-24,465351,50,47,32,831,0,2,2,13,0,0,0,0,1,0,1,118,146.0,221.3,150.0,51.8,9,0.89,1.71,2.60,10.39
McAtee,357,3,432714.jpg,2023-24,432714,45,44,77,1815,3,4,2,65,0,0,0,2,0,0,0,259,333.8,394.4,333.0,106.0,20,2.98,2.16,5.14,39.34
Ortega Moreno,358,1,88248.jpg,2023-24,88248,40,36,22,632,0,0,1,7,0,0,0,0,0,20,2,114,171.2,0.0,0.0,17.3,5,0.00,0.00,0.00,7.17
Rodrigo,360,3,220566.jpg,2023-24,220566,55,56,159,2931,8,10,14,26,0,0,0,8,1,0,19,737,1043.8,894.8,484.0,242.3,34,3.99,6.15,10.14,29.89
Rúben,361,2,171314.jpg,2023-24,171314,55,55,88,2557,0,0,9,28,1,0,0,0,0,0,3,513,578.4,208.5,225.0,101.5,28,1.38,1.93,3.31,25.12
Stones,362,2,97299.jpg,2023-24,97299,55,53,53,1061,1,0,5,9,0,0,0,2,0,0,3,239,188.4,128.4,70.0,38.7,12,1.06,0.40,1.46,12.27
Walker,363,2,58621.jpg,2023-24,58621,50,55,123,2766,0,5,10,29,0,0,0,2,0,0,13,633,465.4,534.1,126.0,112.6,30,0.40,3.20,3.60,28.61
Casey,643,2,518438.jpg,2023-24,518438,40,40,1,1,0,0,0,0,0,0,0,0,0,0,0,3,2.0,0.0,0.0,0.2,0,0.00,0.00,0.00,0.00
Johnstone,204,1,101982.jpg,2023-24,101982,45,43,68,1796,0,0,6,27,0,0,0,1,0,41,7,310,321.4,0.0,0.0,32.2,20,0.00,0.00,0.00,27.17
Aït-Nouri,533,2,448514.jpg,2023-24,448514,45,46,77,2327,2,3,3,43,0,0,0,7,0,0,6,365,448.4,376.9,253.0,107.7,29,3.12,1.81,4.93,45.79
B.Traore,534,3,476502.jpg,2023-24,476502,45,43,25,802,0,0,0,23,0,0,0,4,0,0,0,122,114.4,106.5,27.0,25.2,7,0.28,0.33,0.61,18.74
Bellegarde,535,3,231057.jpg,2023-24,231057,50,49,45,948,2,2,0,24,0,0,0,0,1,0,1,150,189.8,170.1,163.0,52.2,10,1.35,0.76,2.11,26.15
Bentley,536,1,79602.jpg,2023-24,79602,40,39,18,382,0,0,2,7,0,0,0,0,0,8,1,73,70.8,0.0,0.0,7.1,3,0.00,0.00,0.00,7.79
Chiquinho,537,3,510363.jpg,2023-24,510363,45,45,0,0,0,0,0,0,0,0,0,0,0,0,0,0,0.0,0.0,0.0,0.0,0,0.00,0.00,0.00,0.00
Chirewa,538,3,497606.jpg,2023-24,497606,45,44,8,138,0,0,0,2,0,0,0,1,0,0,0,21,22.0,24.7,21.0,6.6,1,0.16,0.07,0.23,1.45
Chiwome,539,4,589507.jpg,2023-24,589507,45,45,5,173,0,0,0,4,0,0,0,0,0,0,0,12,7.8,1.2,13.0,2.2,2,0.10,0.02,0.12,1.89
Cundle,540,3,245923.jpg,2023-24,245923,45,45,0,0,0,0,0,0,0,0,0,0,0,0,0,0,0.0,0.0,0.0,0.0,0,0.00,0.00,0.00,0.00
Cunha,541,4,430871.jpg,2023-24,430871,55,55,135,2438,12,7,6,46,0,0,0,9,0,0,15,520,786.0,409.8,872.0,206.4,29,9.49,2.97,12.46,48.51
Dawson,542,2,60232.jpg,2023-24,60232,45,45,69,2209,1,1,6,38,0,0,0,7,0,0,6,421,611.8,108.6,222.0,94.4,25,1.58,0.42,2.00,38.47
Doherty,543,2,87835.jpg,2023-24,87835,45,43,41,1136,1,0,1,21,0,0,0,2,0,0,1,186,237.8,168.1,122.0,52.9,9,0.89,0.86,1.75,23.16
Doyle,544,3,220394.jpg,2023-24,220394,45,44,38,1209,0,0,3,24,0,0,0,2,0,0,0,197,198.4,173.7,55.0,42.7,11,0.42,0.87,1.29,22.22
Fábio Silva,545,4,449988.jpg,2023-24,449988,55,52,8,259,0,0,1,8,0,0,0,2,0,0,0,7,25.2,51.6,93.0,16.9,3,1.12,0.09,1.21,7.20
Fraser,546,4,531363.jpg,2023-24,531363,45,45,7,183,0,0,1,3,0,0,0,1,0,0,0,17,22.4,29.2,36.0,8.6,1,0.32,0.06,0.38,3.25
Gonzalez,547,3,593001.jpg,2023-24,593001,50,50,1,1,0,0,0,0,0,0,0,0,0,0,0,3,0.2,0.8,0.0,0.1,0,0.00,0.00,0.00,0.00
Guedes,548,3,181284.jpg,2023-24,181284,55,54,0,0,0,0,0,0,0,0,0,0,0,0,0,0,0.0,0.0,0.0,0.0,0,0.00,0.00,0.00,0.00
H.Bueno,549,2,490721.jpg,2023-24,490721,45,44,29,727,0,0,2,16,1,0,0,1,0,0,0,136,139.4,122.1,30.0,29.0,7,0.31,0.68,0.99,12.99
Hee Chan,550,3,184754.jpg,2023-24,184754,55,54,125,2116,12,3,3,37,0,0,0,6,0,0,10,334,534.2,259.9,614.0,140.7,25,7.53,2.84,10.37,38.86
Hodge,551,3,240299.jpg,2023-24,240299,45,44,0,0,0,0,0,0,0,0,0,0,0,0,0,0,0.0,0.0,0.0,0.0,0,0.00,0.00,0.00,0.00
Hoever,552,2,441271.jpg,2023-24,441271,40,40,0,0,0,0,0,0,0,0,0,0,0,0,0,0,0.0,0.0,0.0,0.0,0,0.00,0.00,0.00,0.00
J.Gomes,553,3,448089.jpg,2023-24,448089,50,49,75,2646,2,2,4,51,0,0,0,11,0,0,3,359,493.2,372.3,196.0,106.1,32,1.82,1.76,3.58,53.05
José Sá,554,1,149065.jpg,2023-24,149065,50,50,107,3037,0,1,4,58,0,0,0,1,0,134,8,622,1003.4,11.0,0.0,101.6,35,0.00,0.00,0.00,59.38
Kalajdžić,555,4,429414.jpg,2023-24,429414,50,49,24,158,2,0,1,2,0,0,0,0,0,0,4,88,94.0,48.7,66.0,20.7,1,1.01,0.26,1.27,2.57
King,556,1,138001.jpg,2023-24,138001,40,39,0,0,0,0,0,0,0,0,0,0,0,0,0,0,0.0,0.0,0.0,0.0,0,0.00,0.00,0.00,0.00
Mario Jr.,557,3,151086.jpg,2023-24,151086,50,49,95,2969,4,1,4,55,0,0,0,10,1,0,13,490,621.6,333.6,470.0,142.7,34,4.60,1.26,5.86,60.17
Mosquera,558,2,501837.jpg,2023-24,501837,40,40,0,0,0,0,0,0,0,0,0,0,0,0,0,0,0.0,0.0,0.0,0.0,0,0.00,0.00,0.00,0.00
N.Semedo,559,2,200402.jpg,2023-24,200402,45,45,63,3084,0,2,5,62,0,0,0,10,1,0,0,455,508.8,395.7,165.0,107.2,36,0.97,1.69,2.65,69.09
Podence,562,3,200600.jpg,2023-24,200600,55,53,0,0,0,0,0,0,0,0,0,0,0,0,0,0,0.0,0.0,0.0,0.0,0,0.00,0.00,0.00,0.00
S.Bueno,564,2,231480.jpg,2023-24,231480,45,45,13,819,0,0,0,18,0,0,0,1,0,0,0,124,173.8,27.1,2.0,20.3,9,0.00,0.01,0.01,20.71
Sarabia,565,3,88484.jpg,2023-24,88484,50,45,99,1737,4,7,6,27,0,0,0,5,0,0,8,358,469.2,795.3,418.0,168.4,20,5.52,5.00,10.52,30.95
Toti,567,2,510362.jpg,2023-24,510362,45,44,82,2771,1,4,4,49,0,0,0,7,0,0,6,468,550.0,117.7,167.0,83.7,31,1.62,0.63,2.25,53.46
Hudson-Odoi,434,3,209046.jpg,2023-24,209046,50,47,109,1846,8,2,2,41,0,0,0,0,0,0,14,371,489.0,514.2,444.0,145.0,20,2.65,2.02,4.67,28.38
Mighten,435,3,244930.jpg,2023-24,244930,45,44,0,0,0,0,0,0,0,0,0,0,0,0,0,0,0.0,0.0,0.0,0.0,0,0.00,0.00,0.00,0.00
Murillo,436,2,575476.jpg,2023-24,575476,45,45,58,2790,0,2,3,56,1,0,0,5,0,0,1,451,678.4,115.0,164.0,95.8,32,1.78,0.64,2.42,42.99
N.Williams,437,2,215136.jpg,2023-24,215136,45,43,39,1630,0,1,1,33,0,0,0,4,0,0,2,224,393.4,195.2,139.0,72.8,18,0.74,1.54,2.28,23.05
O.Richards,438,2,204822.jpg,2023-24,204822,45,44,0,0,0,0,0,0,0,0,0,0,0,0,0,0,0.0,0.0,0.0,0.0,0,0.00,0.00,0.00,0.00
O'Brien,439,3,243345.jpg,2023-24,243345,50,49,0,0,0,0,0,0,0,0,0,0,0,0,0,0,0.0,0.0,0.0,0.0,0,0.00,0.00,0.00,0.00
Omobamidele,440,2,466404.jpg,2023-24,466404,45,45,11,782,0,0,0,15,1,0,0,2,0,0,0,94,148.6,25.1,16.0,18.9,8,0.14,0.02,0.16,11.77
Panzo,441,2,209035.jpg,2023-24,209035,40,40,0,0,0,0,0,0,0,0,0,0,0,0,0,0,0.0,0.0,0.0,0.0,0,0.00,0.00,0.00,0.00
Sangaré,442,3,210462.jpg,2023-24,210462,50,49,25,1031,0,0,4,16,0,0,0,6,0,0,0,89,168.8,112.9,43.0,32.5,13,0.67,0.40,1.07,14.75
Sels,443,1,85633.jpg,2023-24,85633,45,45,34,1440,0,0,1,27,0,0,0,1,0,37,1,206,293.2,10.0,0.0,30.3,16,0.00,0.09,0.09,20.50
Toffolo,444,2,114241.jpg,2023-24,114241,45,44,52,1452,1,3,2,29,0,0,0,3,0,0,3,263,355.0,268.4,171.0,79.3,15,1.10,1.14,2.24,23.83
Ui-jo,446,4,201440.jpg,2023-24,201440,45,44,0,0,0,0,0,0,0,0,0,0,0,0,0,0,0.0,0.0,0.0,0.0,0,0.00,0.00,0.00,0.00
Wood,447,4,60689.jpg,2023-24,60689,50,47,131,1801,14,1,2,34,0,0,0,0,0,0,22,456,598.2,281.1,795.0,167.4,20,11.71,0.92,12.63,27.19
Worrall,448,2,208912.jpg,2023-24,208912,45,43,13,438,0,0,1,9,0,0,0,0,1,0,3,74,90.0,22.1,18.0,13.0,5,0.10,0.31,0.41,9.01
Yates,449,3,204968.jpg,2023-24,204968,50,48,59,1979,1,1,1,38,0,0,0,6,0,0,1,235,330.4,133.8,258.0,72.1,21,2.78,0.59,3.37,31.96
Ward-Prowse,531,3,101178.jpg,2023-24,101178,60,57,146,3000,7,7,5,65,0,0,0,4,0,0,19,708,831.0,1023.5,324.0,217.5,34,6.23,6.30,12.53,63.29
Ramsdale,14,1,225321.jpg,2023-24,225321,50,45,20,540,0,0,2,5,0,0,0,0,0,9,0,90,73.2,0.0,0.0,7.3,6,0.00,0.01,0.01,5.81
Archer,27,4,433979.jpg,2023-24,433979,45,42,82,1829,4,3,2,50,0,0,0,2,0,0,9,241,266.0,309.3,353.0,92.8,21,5.28,1.39,6.67,41.38
Ugochukwu,188,3,503714.jpg,2023-24,503714,45,44,13,296,0,0,1,6,0,0,0,2,0,0,0,62,60.8,44.4,4.0,10.9,3,0.00,0.14,0.14,7.59
Fraser,397,3,90105.jpg,2023-24,90105,50,49,0,0,0,0,0,0,0,0,0,0,0,0,0,0,0.0,0.0,0.0,0.0,0,0.00,0.00,0.00,0.00
Charles,458,3,463210.jpg,2023-24,463210,45,45,0,0,0,0,0,0,0,0,0,0,0,0,0,0,0.0,0.0,0.0,0.0,0,0.00,0.00,0.00,0.00
Lallana,463,3,39155.jpg,2023-24,39155,50,49,30,839,0,1,2,13,0,0,0,2,0,0,0,95,83.0,248.7,130.0,45.8,13,0.83,1.60,2.43,12.13
Taylor,475,2,103914.jpg,2023-24,103914,40,39,47,2329,1,1,2,46,0,0,0,8,0,0,1,347,395.6,275.7,59.0,73.3,25,0.25,1.66,1.91,43.78
Cornet,515,3,149519.jpg,2023-24,149519,55,52,13,109,1,0,0,3,0,0,0,0,0,0,0,40,44.0,48.4,54.0,14.6,1,0.40,0.02,0.42,2.82
Downes,518,3,220585.jpg,2023-24,220585,50,50,0,0,0,0,0,0,0,0,0,0,0,0,0,0,0.0,0.0,0.0,0.0,0,0.00,0.00,0.00,0.00
Brereton Díaz,584,3,204814.jpg,2023-24,204814,50,50,62,1105,6,1,0,37,0,0,0,3,0,0,5,173,312.2,124.0,422.0,85.3,14,5.52,1.07,6.58,23.91
Solanke,82,4,154566.jpg,2023-24,154566,65,69,175,3325,19,3,10,61,0,0,1,3,0,0,20,560,902.0,479.6,1348.0,272.7,37,19.64,2.11,21.75,56.58
A.Phillips,478,2,548308.jpg,2023-24,548308,40,40,0,0,0,0,0,0,0,0,0,0,0,0,0,0,0.0,0.0,0.0,0.0,0,0.00,0.00,0.00,0.00
Austin,479,1,214572.jpg,2023-24,214572,40,39,0,0,0,0,0,0,0,0,0,0,0,0,0,0,0.0,0.0,0.0,0.0,0,0.00,0.00,0.00,0.00
Bentancur,480,3,202993.jpg,2023-24,202993,55,54,32,997,1,1,1,25,0,0,0,7,0,0,0,153,193.0,174.9,156.0,52.1,13,2.01,1.05,3.06,19.98
Bissouma,482,3,227127.jpg,2023-24,227127,50,50,44,2070,0,0,7,35,0,0,0,8,2,0,0,315,403.0,279.4,140.0,82.3,26,1.18,1.67,2.85,41.30
Bryan,483,3,436234.jpg,2023-24,436234,50,49,12,200,0,0,0,11,0,0,0,0,0,0,0,41,28.6,70.1,59.0,15.9,2,0.67,0.24,0.91,7.19
Davies,484,2,115556.jpg,2023-24,115556,45,43,34,1085,1,2,1,21,0,0,0,2,0,0,0,216,294.8,81.0,124.0,50.3,12,2.34,0.57,2.91,22.43
Dragusin,486,2,493125.jpg,2023-24,493125,45,42,14,424,0,0,1,7,0,0,0,1,0,0,0,82,95.4,7.4,6.0,11.0,4,0.14,0.01,0.15,8.20
E.Royal,487,2,241157.jpg,2023-24,241157,45,43,27,1152,1,0,0,31,0,0,0,4,0,0,4,233,316.0,119.5,55.0,49.4,11,0.22,0.86,1.08,28.71
Forster,488,1,40383.jpg,2023-24,40383,40,38,0,0,0,0,0,0,0,0,0,0,0,0,0,0,0.0,0.0,0.0,0.0,0,0.00,0.00,0.00,0.00
Højbjerg,490,3,132015.jpg,2023-24,132015,55,51,39,1289,0,0,1,28,1,0,0,4,0,0,0,239,282.2,205.8,108.0,59.7,8,0.68,1.57,2.24,26.52
Johnson,491,3,242898.jpg,2023-24,242898,60,58,131,2317,5,12,5,42,0,0,0,3,0,0,9,397,554.4,624.3,782.0,196.3,26,10.36,4.30,14.65,43.97
Kulusevski,492,3,445044.jpg,2023-24,445044,70,67,130,2759,8,3,8,46,0,0,0,7,0,0,14,463,698.8,950.4,953.0,260.1,31,4.95,6.37,11.31,49.32
Lo Celso,493,3,200826.jpg,2023-24,200826,50,48,47,491,2,2,1,12,0,0,0,2,0,0,6,189,225.8,262.8,110.0,60.0,4,0.54,1.79,2.33,12.46
Maddison,494,3,172780.jpg,2023-24,172780,75,78,117,2137,4,11,7,31,0,0,0,5,0,0,9,495,630.4,979.5,605.0,221.4,26,6.53,6.21,12.74,32.54
Pedro Porro,495,2,441164.jpg,2023-24,441164,50,59,136,3090,3,8,7,54,0,0,0,3,0,0,20,720,839.0,877.4,365.0,208.5,35,2.92,6.18,9.10,58.42
Reguilón,496,2,199249.jpg,2023-24,199249,45,45,74,1524,0,6,5,30,0,0,0,7,1,0,14,350,390.2,436.3,111.0,93.8,18,0.94,2.83,3.77,30.44
Richarlison,497,4,212319.jpg,2023-24,212319,70,68,122,1481,11,4,7,18,0,0,0,3,0,0,7,305,560.6,208.4,758.0,152.1,18,9.49,1.42,10.91,25.59
Romero,498,2,221632.jpg,2023-24,221632,45,51,107,2790,5,0,7,46,1,0,0,7,1,0,15,591,841.8,161.9,252.0,125.9,33,3.25,1.41,4.66,52.55
P.M.Sarr,499,3,482442.jpg,2023-24,482442,45,44,86,2063,3,3,9,27,0,0,0,9,0,0,4,397,406.0,373.3,317.0,110.2,27,3.17,2.09,5.26,34.83
Scarlett,500,4,490145.jpg,2023-24,490145,45,45,4,19,0,0,0,0,0,0,0,0,0,0,0,10,2.0,0.4,6.0,0.8,0,0.00,0.00,0.00,0.02
Solomon,502,3,235674.jpg,2023-24,235674,55,51,14,196,0,2,0,2,0,0,0,1,0,0,2,53,73.4,144.3,61.0,28.0,2,0.41,0.75,1.16,1.79
Son,503,3,85971.jpg,2023-24,85971,90,100,213,2934,17,10,8,51,1,0,0,1,0,0,25,707,993.2,921.9,1131.0,304.7,34,11.49,7.87,19.36,53.77
Spence,504,2,232859.jpg,2023-24,232859,40,40,0,0,0,0,0,0,0,0,0,0,0,0,0,0,0.0,0.0,0.0,0.0,0,0.00,0.00,0.00,0.00
Udogie,505,2,487053.jpg,2023-24,487053,45,49,79,2391,2,3,5,43,0,0,0,5,1,0,8,402,534.8,357.9,279.0,117.3,28,2.42,2.36,4.78,48.70
Van de Ven,506,2,491279.jpg,2023-24,491279,45,44,81,2341,3,0,5,38,0,0,0,5,0,0,10,501,561.6,56.7,85.0,70.5,27,0.61,0.33,0.94,37.56
Veliz,507,4,536908.jpg,2023-24,536908,55,54,11,45,1,0,0,2,0,0,0,1,0,0,0,40,35.2,0.9,29.0,6.5,0,0.42,0.00,0.42,1.88
Vicario,508,1,184254.jpg,2023-24,184254,50,53,112,3420,0,0,7,61,0,0,0,2,0,110,9,730,974.2,0.0,0.0,97.4,38,0.00,0.00,0.00,63.58
Werner,509,3,165153.jpg,2023-24,165153,65,63,46,808,2,4,0,16,0,0,0,1,0,0,5,173,179.0,239.0,305.0,72.3,10,3.81,2.93,6.74,11.06
Whiteman,510,1,175941.jpg,2023-24,175941,40,39,0,0,0,0,0,0,0,0,0,0,0,0,0,0,0.0,0.0,0.0,0.0,0,0.00,0.00,0.00,0.00
Moore,610,3,499721.jpg,2023-24,499721,45,45,2,3,0,0,0,0,0,0,0,0,0,0,0,4,1.0,0.5,0.0,0.1,0,0.00,0.00,0.00,0.05
Odobert,612,3,550839.jpg,2023-24,550839,50,50,82,2095,3,4,2,48,0,0,0,3,0,0,3,303,331.0,435.4,445.0,121.1,25,2.75,3.32,6.07,45.35
Wan-Bissaka,388,2,214590.jpg,2023-24,214590,45,44,47,1778,0,2,3,34,0,0,0,4,0,0,5,323,397.8,196.5,60.0,65.5,20,0.11,1.47,1.58,38.57
Álvarez,511,3,213999.jpg,2023-24,213999,50,50,62,2375,1,1,5,45,0,0,0,11,0,0,3,345,545.8,193.1,89.0,82.7,28,1.37,0.81,2.18,49.85
Antonio,512,4,57531.jpg,2023-24,57531,60,57,78,1692,6,2,5,34,0,0,0,6,0,0,8,228,308.6,132.2,395.0,82.7,21,5.45,1.28,6.72,35.84
Areola,513,1,84182.jpg,2023-24,84182,40,42,116,2700,0,0,4,53,1,2,0,1,0,138,11,598,1023.2,0.0,0.0,102.4,31,0.00,0.00,0.00,54.72
Bowen,514,3,178186.jpg,2023-24,178186,70,76,182,3020,16,6,5,63,0,0,0,2,0,0,14,519,890.4,463.8,1130.0,247.8,34,11.96,4.90,16.86,62.39
Coufal,516,2,164555.jpg,2023-24,164555,45,45,85,3135,0,7,4,70,0,0,0,5,1,0,9,514,661.6,500.0,92.0,125.6,36,0.35,3.01,3.36,66.02
Cresswell,517,2,55459.jpg,2023-24,55459,45,42,10,431,0,0,0,11,0,0,0,1,0,0,0,71,58.8,77.2,2.0,13.9,4,0.00,0.44,0.44,5.94
Earthy,519,3,490885.jpg,2023-24,490885,45,45,8,33,1,0,0,0,0,0,0,0,0,0,0,27,32.8,2.0,33.0,6.9,0,0.35,0.00,0.35,0.16
Emerson,520,2,109533.jpg,2023-24,109533,45,43,82,3138,1,4,5,67,1,0,0,10,0,0,8,519,649.0,400.2,168.0,121.8,35,1.64,2.07,3.71,68.08
Fabianski,521,1,37096.jpg,2023-24,37096,45,42,24,721,0,0,1,21,0,0,0,0,0,33,1,152,245.6,0.0,0.0,24.6,7,0.00,0.00,0.00,17.00
Foderingham,522,1,82143.jpg,2023-24,82143,45,44,70,2648,0,0,1,79,1,0,0,2,0,133,7,531,966.0,10.0,0.0,97.7,29,0.00,0.05,0.05,62.03
Ings,523,4,84939.jpg,2023-24,84939,60,55,36,389,1,2,0,10,0,0,0,1,0,0,4,105,82.4,64.4,125.0,27.1,3,1.18,0.26,1.44,10.43
Kilman,524,2,214048.jpg,2023-24,214048,45,44,82,3420,2,0,5,65,0,0,0,7,0,0,3,592,853.6,233.1,212.0,130.2,38,1.78,1.12,2.90,67.17
Kudus,525,3,460842.jpg,2023-24,460842,65,67,137,2485,8,9,3,61,0,0,0,6,0,0,13,476,667.2,472.9,566.0,170.8,27,5.06,3.48,8.54,49.50
L.Paquetá,527,3,224024.jpg,2023-24,224024,60,60,100,2627,4,6,4,52,0,0,0,10,0,0,7,398,570.6,722.3,343.0,163.7,31,5.19,4.93,10.12,50.96
Mavropanos,528,2,233963.jpg,2023-24,233963,45,45,40,1500,1,0,3,27,2,0,0,2,0,0,3,229,300.2,41.9,112.0,45.3,16,1.19,0.09,1.28,29.36
N.Aguerd,529,2,210494.jpg,2023-24,210494,45,44,36,1857,1,0,2,44,0,0,0,1,1,0,0,282,439.4,58.1,145.0,64.4,21,1.37,0.41,1.78,38.79
Souček,530,3,215439.jpg,2023-24,215439,50,49,116,2867,7,2,5,64,0,0,0,7,0,0,9,456,751.6,262.5,488.0,150.3,34,6.69,1.14,7.83,62.38
Zouma,532,2,103192.jpg,2023-24,103192,45,45,76,2838,3,0,3,63,0,0,0,3,0,0,6,444,636.8,55.1,227.0,92.0,32,1.90,0.07,1.97,59.80
